serial,age,amount,credit_history,credit_risk,duration,employment_duration,foreign_worker,housing,installment_rate,job,number_credits,other_debtors,other_installment_plans,people_liable,personal_status_sex,present_residence,property,purpose,savings,status,telephone,
794,53.0,795.0,2.0,0.0,12.0,2.0,2.0,2.0,4.0,3.0,1.0,1.0,3.0,2.0,2.0,4.0,2.0,6.0,1.0,1.0,1.0,
956,55.0,1190.0,4.0,0.0,18.0,1.0,2.0,3.0,2.0,1.0,3.0,1.0,3.0,1.0,2.0,4.0,4.0,5.0,1.0,1.0,1.0,
664,28.0,1068.0,2.0,1.0,6.0,5.0,2.0,2.0,4.0,3.0,1.0,1.0,3.0,1.0,3.0,4.0,3.0,3.0,1.0,2.0,1.0,
854,37.0,1344.0,4.0,0.0,24.0,4.0,2.0,2.0,4.0,2.0,2.0,1.0,1.0,1.0,3.0,2.0,1.0,0.0,5.0,3.0,1.0,
215,35.0,1549.0,2.0,1.0,9.0,2.0,2.0,2.0,4.0,1.0,1.0,1.0,3.0,2.0,3.0,2.0,1.0,0.0,5.0,2.0,1.0,
875,34.0,1837.0,1.0,0.0,24.0,4.0,2.0,3.0,4.0,2.0,1.0,1.0,1.0,2.0,2.0,4.0,4.0,6.0,1.0,2.0,1.0,
908,23.0,2406.0,2.0,0.0,30.0,4.0,2.0,1.0,4.0,3.0,1.0,1.0,3.0,2.0,2.0,4.0,1.0,2.0,1.0,1.0,1.0,
716,27.0,2613.0,0.0,1.0,36.0,3.0,2.0,2.0,4.0,3.0,2.0,1.0,3.0,2.0,3.0,2.0,3.0,5.0,1.0,4.0,1.0,
272,40.0,7678.0,3.0,1.0,36.0,4.0,2.0,2.0,2.0,3.0,2.0,1.0,3.0,2.0,2.0,4.0,3.0,2.0,3.0,4.0,2.0,
43,36.0,1028.0,4.0,1.0,18.0,3.0,2.0,2.0,4.0,3.0,2.0,1.0,3.0,2.0,2.0,3.0,1.0,0.0,1.0,4.0,1.0,
921,27.0,3552.0,1.0,0.0,24.0,4.0,2.0,2.0,3.0,3.0,1.0,1.0,1.0,2.0,3.0,4.0,3.0,2.0,1.0,1.0,1.0,
947,25.0,2210.0,2.0,0.0,10.0,3.0,2.0,1.0,2.0,2.0,1.0,1.0,3.0,2.0,3.0,2.0,1.0,2.0,1.0,4.0,1.0,
868,28.0,9398.0,2.0,0.0,36.0,2.0,2.0,1.0,1.0,4.0,1.0,1.0,3.0,2.0,4.0,4.0,3.0,1.0,1.0,2.0,2.0,
480,67.0,3872.0,2.0,1.0,18.0,1.0,2.0,2.0,2.0,3.0,1.0,1.0,3.0,2.0,2.0,4.0,3.0,5.0,1.0,2.0,2.0,
744,63.0,7596.0,4.0,1.0,30.0,5.0,2.0,2.0,1.0,3.0,2.0,1.0,3.0,2.0,3.0,4.0,3.0,1.0,5.0,4.0,1.0,
910,53.0,7119.0,0.0,0.0,48.0,3.0,2.0,3.0,3.0,3.0,2.0,1.0,3.0,1.0,3.0,4.0,4.0,2.0,1.0,1.0,1.0,
333,24.0,1554.0,4.0,1.0,6.0,4.0,2.0,1.0,1.0,3.0,2.0,1.0,3.0,2.0,2.0,2.0,3.0,3.0,1.0,4.0,2.0,
123,30.0,2063.0,2.0,1.0,6.0,2.0,2.0,1.0,4.0,4.0,1.0,1.0,3.0,2.0,4.0,3.0,3.0,3.0,1.0,2.0,2.0,
284,47.0,2353.0,3.0,1.0,21.0,3.0,2.0,2.0,1.0,3.0,2.0,1.0,3.0,2.0,1.0,4.0,2.0,0.0,1.0,2.0,1.0,
539,46.0,730.0,4.0,1.0,7.0,5.0,2.0,1.0,4.0,2.0,2.0,1.0,3.0,2.0,3.0,2.0,2.0,3.0,5.0,4.0,2.0,
822,29.0,6887.0,3.0,0.0,36.0,3.0,2.0,2.0,4.0,3.0,1.0,1.0,2.0,2.0,3.0,3.0,2.0,6.0,1.0,1.0,2.0,
998,30.0,12680.0,4.0,0.0,21.0,5.0,2.0,3.0,4.0,4.0,1.0,1.0,3.0,2.0,3.0,4.0,4.0,0.0,5.0,4.0,2.0,
637,60.0,2246.0,4.0,0.0,12.0,5.0,2.0,2.0,3.0,3.0,2.0,1.0,3.0,2.0,3.0,3.0,2.0,2.0,1.0,1.0,1.0,
111,29.0,3959.0,2.0,0.0,15.0,3.0,2.0,2.0,3.0,3.0,1.0,1.0,3.0,2.0,2.0,2.0,2.0,0.0,1.0,1.0,2.0,
6,48.0,2241.0,4.0,1.0,10.0,2.0,1.0,1.0,1.0,2.0,2.0,1.0,3.0,1.0,3.0,3.0,1.0,0.0,1.0,1.0,1.0,
702,34.0,5800.0,4.0,1.0,36.0,3.0,2.0,2.0,3.0,3.0,2.0,1.0,3.0,2.0,3.0,4.0,3.0,1.0,1.0,2.0,2.0,
132,43.0,2515.0,2.0,1.0,18.0,3.0,2.0,2.0,3.0,3.0,1.0,1.0,3.0,2.0,3.0,4.0,1.0,2.0,1.0,4.0,2.0,
477,47.0,3422.0,2.0,1.0,18.0,5.0,2.0,2.0,4.0,3.0,3.0,1.0,1.0,1.0,3.0,4.0,2.0,2.0,1.0,4.0,2.0,
724,31.0,8947.0,3.0,1.0,36.0,4.0,2.0,2.0,3.0,4.0,1.0,1.0,2.0,1.0,3.0,2.0,3.0,1.0,5.0,4.0,2.0,
136,33.0,1543.0,2.0,1.0,6.0,3.0,2.0,2.0,4.0,3.0,1.0,1.0,3.0,2.0,1.0,2.0,1.0,2.0,4.0,4.0,1.0,
687,31.0,1521.0,2.0,1.0,10.0,3.0,2.0,2.0,4.0,2.0,1.0,1.0,3.0,2.0,1.0,2.0,3.0,2.0,1.0,2.0,1.0,
424,52.0,2133.0,2.0,1.0,12.0,5.0,2.0,3.0,4.0,4.0,1.0,1.0,3.0,2.0,2.0,4.0,4.0,0.0,5.0,4.0,2.0,
511,24.0,2080.0,4.0,1.0,6.0,3.0,2.0,2.0,1.0,3.0,1.0,1.0,3.0,2.0,4.0,2.0,3.0,0.0,3.0,4.0,1.0,
417,57.0,1154.0,4.0,1.0,11.0,1.0,2.0,2.0,4.0,2.0,3.0,1.0,3.0,2.0,2.0,4.0,1.0,3.0,2.0,4.0,1.0,
835,32.0,4611.0,2.0,0.0,6.0,2.0,2.0,2.0,1.0,3.0,1.0,1.0,3.0,2.0,2.0,4.0,2.0,2.0,1.0,4.0,1.0,
525,34.0,1860.0,4.0,1.0,12.0,1.0,2.0,2.0,4.0,4.0,2.0,1.0,3.0,2.0,3.0,2.0,3.0,1.0,1.0,2.0,2.0,
415,42.0,522.0,4.0,1.0,12.0,5.0,2.0,2.0,4.0,3.0,2.0,1.0,3.0,1.0,3.0,4.0,2.0,3.0,3.0,4.0,2.0,
644,58.0,6143.0,4.0,0.0,48.0,5.0,2.0,3.0,4.0,2.0,2.0,1.0,2.0,2.0,2.0,4.0,4.0,1.0,1.0,1.0,1.0,
404,26.0,3181.0,2.0,1.0,24.0,2.0,2.0,2.0,4.0,3.0,1.0,1.0,3.0,2.0,2.0,4.0,2.0,3.0,1.0,4.0,2.0,
629,36.0,1238.0,2.0,1.0,6.0,1.0,2.0,2.0,4.0,4.0,1.0,1.0,3.0,1.0,3.0,4.0,2.0,8.0,5.0,4.0,2.0,
263,23.0,1275.0,2.0,1.0,10.0,2.0,2.0,2.0,4.0,3.0,1.0,1.0,3.0,2.0,2.0,2.0,2.0,2.0,1.0,3.0,1.0,
587,36.0,5302.0,4.0,1.0,18.0,5.0,2.0,3.0,2.0,4.0,3.0,1.0,3.0,2.0,3.0,4.0,4.0,0.0,1.0,1.0,2.0,
182,30.0,1055.0,4.0,1.0,18.0,2.0,2.0,2.0,4.0,3.0,2.0,1.0,3.0,2.0,2.0,1.0,2.0,0.0,1.0,4.0,1.0,
4,39.0,2122.0,4.0,1.0,12.0,3.0,1.0,1.0,3.0,2.0,2.0,1.0,3.0,1.0,3.0,2.0,1.0,0.0,1.0,1.0,1.0,
283,20.0,4675.0,2.0,1.0,12.0,2.0,2.0,1.0,1.0,3.0,1.0,1.0,3.0,2.0,2.0,4.0,3.0,1.0,5.0,4.0,1.0,
795,66.0,1908.0,3.0,0.0,30.0,5.0,2.0,2.0,4.0,4.0,1.0,1.0,3.0,2.0,3.0,4.0,1.0,9.0,1.0,3.0,2.0,
503,51.0,1595.0,2.0,1.0,6.0,4.0,2.0,2.0,3.0,3.0,1.0,1.0,3.0,1.0,3.0,2.0,2.0,3.0,1.0,4.0,1.0,
746,21.0,1766.0,2.0,1.0,6.0,3.0,2.0,1.0,1.0,3.0,1.0,1.0,3.0,2.0,4.0,2.0,2.0,2.0,1.0,4.0,1.0,
887,27.0,3123.0,2.0,0.0,24.0,2.0,2.0,2.0,4.0,3.0,1.0,1.0,3.0,2.0,2.0,1.0,2.0,0.0,1.0,1.0,1.0,
459,29.0,2333.0,3.0,1.0,24.0,2.0,2.0,2.0,4.0,2.0,1.0,1.0,1.0,2.0,3.0,2.0,2.0,2.0,5.0,2.0,1.0,
741,31.0,1736.0,2.0,1.0,12.0,4.0,2.0,2.0,3.0,2.0,1.0,1.0,3.0,2.0,2.0,4.0,1.0,2.0,1.0,4.0,1.0,
588,37.0,3620.0,2.0,1.0,36.0,3.0,2.0,2.0,1.0,3.0,1.0,3.0,3.0,1.0,3.0,2.0,2.0,2.0,1.0,1.0,1.0,
819,24.0,1237.0,2.0,0.0,8.0,3.0,2.0,2.0,3.0,3.0,1.0,1.0,3.0,2.0,2.0,4.0,1.0,2.0,1.0,2.0,1.0,
842,31.0,1928.0,4.0,0.0,18.0,2.0,2.0,2.0,2.0,2.0,2.0,1.0,3.0,2.0,3.0,2.0,1.0,2.0,1.0,2.0,1.0,
978,68.0,14896.0,2.0,0.0,6.0,5.0,2.0,2.0,1.0,4.0,1.0,1.0,1.0,2.0,3.0,4.0,4.0,0.0,1.0,1.0,2.0,
418,27.0,5804.0,4.0,1.0,24.0,3.0,2.0,2.0,4.0,3.0,2.0,1.0,3.0,2.0,3.0,2.0,1.0,1.0,4.0,4.0,1.0,
304,33.0,3074.0,4.0,1.0,9.0,3.0,2.0,2.0,1.0,3.0,2.0,1.0,3.0,1.0,3.0,2.0,1.0,3.0,5.0,4.0,1.0,
5,38.0,2171.0,4.0,1.0,12.0,3.0,1.0,2.0,4.0,2.0,2.0,1.0,1.0,2.0,3.0,4.0,2.0,0.0,1.0,1.0,1.0,
101,40.0,3777.0,4.0,1.0,24.0,3.0,2.0,2.0,4.0,3.0,1.0,1.0,3.0,2.0,3.0,4.0,1.0,2.0,4.0,4.0,2.0,
146,46.0,2476.0,2.0,1.0,21.0,5.0,2.0,2.0,4.0,4.0,1.0,1.0,3.0,2.0,3.0,4.0,1.0,1.0,5.0,4.0,2.0,
158,38.0,5954.0,4.0,1.0,30.0,4.0,2.0,2.0,3.0,3.0,1.0,2.0,3.0,2.0,3.0,2.0,3.0,3.0,1.0,4.0,1.0,
529,32.0,1505.0,2.0,1.0,18.0,3.0,2.0,3.0,4.0,4.0,1.0,1.0,3.0,2.0,3.0,2.0,4.0,3.0,1.0,4.0,2.0,
897,41.0,2580.0,3.0,0.0,21.0,2.0,2.0,2.0,4.0,2.0,1.0,1.0,1.0,1.0,3.0,2.0,1.0,9.0,3.0,4.0,1.0,
177,27.0,4139.0,4.0,1.0,24.0,3.0,2.0,2.0,3.0,2.0,2.0,1.0,3.0,2.0,3.0,3.0,2.0,9.0,2.0,4.0,2.0,
94,59.0,1364.0,2.0,1.0,9.0,4.0,2.0,2.0,3.0,3.0,1.0,1.0,3.0,2.0,3.0,4.0,1.0,3.0,1.0,1.0,1.0,
148,49.0,1262.0,2.0,1.0,12.0,5.0,2.0,2.0,2.0,2.0,1.0,1.0,3.0,2.0,1.0,4.0,2.0,2.0,5.0,1.0,2.0,
977,32.0,18424.0,0.0,0.0,48.0,3.0,1.0,2.0,1.0,4.0,1.0,1.0,1.0,2.0,2.0,2.0,2.0,10.0,1.0,2.0,2.0,
849,50.0,2671.0,2.0,0.0,36.0,3.0,2.0,3.0,4.0,3.0,1.0,2.0,3.0,2.0,2.0,4.0,4.0,3.0,2.0,2.0,1.0,
37,38.0,1495.0,4.0,1.0,12.0,5.0,2.0,2.0,4.0,2.0,2.0,1.0,3.0,1.0,3.0,1.0,1.0,0.0,1.0,4.0,1.0,
996,21.0,1987.0,2.0,0.0,24.0,3.0,2.0,1.0,2.0,2.0,1.0,1.0,3.0,1.0,3.0,4.0,1.0,3.0,1.0,1.0,1.0,
401,32.0,2528.0,2.0,1.0,27.0,2.0,2.0,2.0,4.0,3.0,1.0,1.0,3.0,1.0,2.0,1.0,2.0,9.0,1.0,2.0,2.0,
471,47.0,1984.0,2.0,1.0,18.0,3.0,2.0,3.0,4.0,3.0,2.0,1.0,1.0,2.0,3.0,4.0,4.0,2.0,1.0,4.0,1.0,
126,47.0,5103.0,4.0,1.0,24.0,2.0,2.0,3.0,3.0,3.0,3.0,1.0,3.0,2.0,4.0,3.0,4.0,3.0,1.0,4.0,2.0,
976,34.0,11998.0,2.0,0.0,30.0,2.0,2.0,2.0,1.0,2.0,1.0,1.0,1.0,2.0,1.0,1.0,4.0,5.0,1.0,1.0,2.0,
345,51.0,682.0,4.0,1.0,12.0,4.0,2.0,2.0,4.0,3.0,2.0,1.0,3.0,2.0,2.0,3.0,3.0,0.0,2.0,4.0,2.0,
181,23.0,1236.0,2.0,1.0,9.0,2.0,2.0,1.0,1.0,3.0,1.0,1.0,3.0,2.0,2.0,4.0,1.0,4.0,1.0,4.0,2.0,
890,29.0,9034.0,2.0,0.0,36.0,2.0,2.0,1.0,4.0,4.0,1.0,2.0,3.0,2.0,3.0,1.0,4.0,2.0,2.0,2.0,2.0,
495,54.0,1409.0,4.0,1.0,12.0,5.0,2.0,2.0,4.0,3.0,1.0,1.0,3.0,2.0,3.0,3.0,1.0,1.0,1.0,1.0,1.0,
232,39.0,426.0,0.0,1.0,6.0,5.0,2.0,2.0,4.0,2.0,1.0,1.0,3.0,2.0,4.0,4.0,3.0,3.0,1.0,4.0,1.0,
806,24.0,1207.0,2.0,0.0,24.0,2.0,2.0,1.0,4.0,3.0,1.0,1.0,3.0,2.0,2.0,4.0,2.0,0.0,1.0,1.0,1.0,
66,27.0,1237.0,4.0,1.0,6.0,3.0,2.0,2.0,1.0,3.0,2.0,1.0,3.0,2.0,2.0,1.0,2.0,3.0,2.0,4.0,1.0,
294,31.0,1449.0,3.0,1.0,6.0,5.0,2.0,2.0,1.0,3.0,2.0,1.0,1.0,1.0,1.0,2.0,3.0,9.0,2.0,2.0,1.0,
83,30.0,5866.0,2.0,1.0,18.0,3.0,2.0,2.0,2.0,3.0,2.0,1.0,3.0,2.0,3.0,2.0,3.0,0.0,2.0,2.0,2.0,
658,64.0,753.0,2.0,1.0,6.0,3.0,2.0,2.0,2.0,3.0,1.0,3.0,3.0,2.0,2.0,3.0,1.0,3.0,1.0,2.0,1.0,
707,20.0,3617.0,4.0,1.0,24.0,5.0,2.0,1.0,4.0,3.0,2.0,2.0,3.0,2.0,3.0,4.0,4.0,2.0,5.0,3.0,1.0,
320,35.0,1204.0,0.0,1.0,6.0,3.0,1.0,1.0,4.0,3.0,1.0,1.0,1.0,2.0,3.0,1.0,4.0,0.0,2.0,4.0,1.0,
403,23.0,1352.0,2.0,1.0,6.0,1.0,2.0,1.0,1.0,1.0,1.0,1.0,3.0,2.0,2.0,2.0,2.0,1.0,3.0,1.0,2.0,
594,29.0,1193.0,1.0,0.0,24.0,1.0,2.0,1.0,1.0,1.0,2.0,2.0,3.0,2.0,2.0,4.0,4.0,0.0,1.0,1.0,1.0,
803,25.0,1371.0,2.0,0.0,24.0,3.0,2.0,1.0,4.0,3.0,1.0,1.0,3.0,2.0,2.0,4.0,1.0,0.0,5.0,1.0,1.0,
134,26.0,1453.0,2.0,1.0,18.0,2.0,2.0,2.0,3.0,3.0,1.0,1.0,3.0,2.0,2.0,1.0,1.0,3.0,1.0,4.0,1.0,
839,39.0,6458.0,1.0,0.0,18.0,5.0,2.0,2.0,2.0,4.0,2.0,1.0,1.0,1.0,3.0,4.0,4.0,0.0,1.0,4.0,2.0,
266,40.0,2675.0,2.0,1.0,22.0,5.0,2.0,2.0,3.0,3.0,1.0,1.0,3.0,2.0,3.0,4.0,3.0,3.0,3.0,4.0,1.0,
222,49.0,3656.0,4.0,1.0,30.0,5.0,2.0,2.0,4.0,2.0,2.0,1.0,2.0,2.0,3.0,4.0,2.0,3.0,5.0,3.0,1.0,
188,31.0,3430.0,2.0,1.0,24.0,5.0,2.0,2.0,3.0,3.0,1.0,1.0,3.0,1.0,3.0,2.0,3.0,3.0,3.0,4.0,2.0,
224,27.0,8613.0,3.0,1.0,27.0,3.0,2.0,2.0,2.0,3.0,2.0,1.0,3.0,2.0,3.0,2.0,3.0,1.0,4.0,4.0,1.0,
815,74.0,5129.0,1.0,0.0,9.0,5.0,2.0,3.0,2.0,4.0,1.0,1.0,1.0,1.0,2.0,4.0,4.0,1.0,1.0,2.0,2.0,
114,26.0,763.0,2.0,1.0,12.0,3.0,2.0,2.0,4.0,3.0,1.0,1.0,3.0,2.0,2.0,1.0,1.0,2.0,1.0,4.0,2.0,
692,27.0,1168.0,2.0,1.0,12.0,3.0,2.0,2.0,4.0,2.0,1.0,1.0,3.0,2.0,4.0,3.0,1.0,0.0,1.0,1.0,1.0,
708,36.0,2181.0,4.0,1.0,30.0,5.0,2.0,2.0,4.0,3.0,2.0,1.0,3.0,2.0,3.0,4.0,1.0,0.0,5.0,2.0,1.0,
699,27.0,4576.0,4.0,1.0,45.0,1.0,2.0,2.0,3.0,3.0,1.0,1.0,3.0,2.0,3.0,4.0,3.0,1.0,2.0,2.0,1.0,
387,30.0,918.0,2.0,0.0,9.0,3.0,2.0,2.0,4.0,3.0,1.0,1.0,3.0,2.0,2.0,1.0,2.0,2.0,1.0,2.0,1.0,
280,49.0,1126.0,2.0,1.0,9.0,5.0,2.0,2.0,2.0,3.0,1.0,1.0,3.0,2.0,1.0,4.0,1.0,3.0,2.0,3.0,1.0,
229,36.0,1572.0,2.0,1.0,21.0,5.0,2.0,2.0,4.0,2.0,1.0,1.0,1.0,2.0,2.0,4.0,1.0,9.0,4.0,4.0,1.0,
186,31.0,5742.0,2.0,1.0,36.0,4.0,2.0,2.0,2.0,3.0,2.0,1.0,3.0,2.0,3.0,2.0,3.0,9.0,2.0,4.0,2.0,
855,43.0,1533.0,2.0,0.0,18.0,2.0,2.0,2.0,4.0,2.0,1.0,2.0,3.0,1.0,4.0,1.0,2.0,2.0,1.0,4.0,1.0,
870,25.0,1355.0,2.0,0.0,24.0,2.0,2.0,2.0,3.0,2.0,1.0,1.0,3.0,2.0,2.0,4.0,3.0,0.0,1.0,2.0,2.0,
243,24.0,1568.0,2.0,1.0,18.0,3.0,2.0,1.0,3.0,2.0,1.0,1.0,3.0,2.0,2.0,4.0,2.0,9.0,2.0,4.0,1.0,
816,22.0,1808.0,3.0,0.0,18.0,4.0,2.0,2.0,4.0,3.0,1.0,1.0,3.0,2.0,2.0,1.0,1.0,2.0,1.0,4.0,1.0,
659,35.0,2576.0,2.0,1.0,7.0,3.0,1.0,2.0,2.0,3.0,1.0,3.0,3.0,2.0,3.0,2.0,1.0,3.0,1.0,2.0,1.0,
508,46.0,6842.0,4.0,1.0,24.0,3.0,2.0,2.0,2.0,4.0,2.0,1.0,3.0,1.0,3.0,4.0,2.0,1.0,5.0,4.0,2.0,
466,55.0,1424.0,2.0,1.0,12.0,5.0,2.0,2.0,3.0,4.0,1.0,1.0,3.0,2.0,2.0,4.0,1.0,2.0,5.0,3.0,2.0,
524,21.0,1126.0,2.0,1.0,18.0,2.0,2.0,1.0,4.0,3.0,1.0,1.0,3.0,2.0,2.0,2.0,1.0,3.0,5.0,4.0,2.0,
879,22.0,1366.0,2.0,0.0,9.0,2.0,2.0,1.0,3.0,3.0,1.0,1.0,3.0,2.0,2.0,4.0,2.0,3.0,1.0,1.0,1.0,
91,27.0,1995.0,4.0,1.0,12.0,2.0,2.0,2.0,4.0,3.0,1.0,1.0,3.0,2.0,3.0,1.0,3.0,0.0,2.0,2.0,1.0,
670,34.0,2415.0,2.0,1.0,7.0,3.0,2.0,2.0,3.0,3.0,1.0,3.0,3.0,2.0,3.0,2.0,1.0,3.0,1.0,2.0,1.0,
682,40.0,1155.0,2.0,1.0,12.0,5.0,2.0,2.0,3.0,2.0,2.0,3.0,1.0,2.0,4.0,3.0,1.0,3.0,1.0,2.0,1.0,
559,26.0,5433.0,2.0,1.0,24.0,1.0,2.0,1.0,2.0,4.0,1.0,1.0,3.0,2.0,2.0,4.0,2.0,1.0,5.0,4.0,2.0,
614,46.0,1845.0,2.0,1.0,15.0,2.0,2.0,1.0,4.0,3.0,1.0,3.0,3.0,2.0,2.0,1.0,2.0,2.0,1.0,1.0,1.0,
522,26.0,10974.0,2.0,0.0,36.0,1.0,2.0,2.0,4.0,4.0,2.0,1.0,3.0,2.0,2.0,2.0,3.0,2.0,1.0,4.0,2.0,
742,61.0,3059.0,2.0,1.0,12.0,4.0,2.0,2.0,2.0,2.0,1.0,1.0,3.0,2.0,1.0,4.0,1.0,3.0,4.0,4.0,1.0,
711,62.0,3757.0,2.0,1.0,24.0,5.0,2.0,3.0,4.0,3.0,1.0,2.0,3.0,2.0,2.0,4.0,4.0,0.0,1.0,4.0,2.0,
577,42.0,3446.0,2.0,0.0,36.0,5.0,2.0,2.0,4.0,3.0,1.0,1.0,3.0,1.0,3.0,2.0,3.0,2.0,1.0,1.0,1.0,
18,25.0,3213.0,2.0,1.0,18.0,2.0,2.0,1.0,1.0,3.0,1.0,1.0,3.0,2.0,4.0,3.0,1.0,3.0,3.0,2.0,1.0,
385,36.0,4041.0,4.0,1.0,42.0,3.0,2.0,2.0,4.0,3.0,2.0,1.0,3.0,2.0,3.0,4.0,1.0,2.0,3.0,4.0,2.0,
221,36.0,1940.0,1.0,1.0,18.0,2.0,2.0,3.0,3.0,4.0,1.0,2.0,1.0,2.0,3.0,4.0,4.0,3.0,1.0,1.0,2.0,
204,30.0,7721.0,2.0,1.0,24.0,2.0,1.0,2.0,1.0,3.0,1.0,1.0,3.0,2.0,2.0,2.0,2.0,2.0,5.0,1.0,2.0,
521,28.0,3349.0,2.0,0.0,36.0,3.0,2.0,2.0,4.0,4.0,1.0,1.0,3.0,2.0,2.0,2.0,3.0,2.0,1.0,4.0,2.0,
869,27.0,951.0,2.0,0.0,12.0,2.0,2.0,1.0,4.0,3.0,4.0,1.0,1.0,2.0,2.0,4.0,3.0,2.0,2.0,2.0,1.0,
748,44.0,5507.0,4.0,1.0,24.0,5.0,2.0,3.0,3.0,3.0,2.0,1.0,3.0,2.0,3.0,4.0,4.0,5.0,1.0,4.0,1.0,
625,75.0,6615.0,4.0,1.0,24.0,1.0,2.0,3.0,2.0,4.0,2.0,1.0,3.0,2.0,3.0,4.0,4.0,1.0,1.0,1.0,2.0,
260,74.0,3448.0,2.0,1.0,5.0,4.0,2.0,2.0,1.0,2.0,1.0,1.0,3.0,2.0,3.0,4.0,1.0,9.0,1.0,4.0,1.0,
689,45.0,3049.0,2.0,1.0,18.0,2.0,2.0,2.0,1.0,2.0,1.0,1.0,2.0,2.0,2.0,1.0,2.0,2.0,1.0,3.0,1.0,
911,53.0,4870.0,3.0,0.0,24.0,3.0,2.0,3.0,3.0,3.0,2.0,1.0,3.0,1.0,3.0,4.0,4.0,0.0,1.0,1.0,1.0,
768,32.0,1530.0,4.0,0.0,18.0,3.0,2.0,2.0,3.0,3.0,2.0,1.0,1.0,2.0,3.0,2.0,2.0,0.0,1.0,4.0,1.0,
430,33.0,3195.0,2.0,1.0,9.0,3.0,2.0,2.0,1.0,2.0,1.0,1.0,3.0,2.0,2.0,2.0,1.0,0.0,5.0,2.0,1.0,
1000,31.0,6350.0,2.0,0.0,30.0,5.0,2.0,2.0,4.0,3.0,1.0,1.0,3.0,2.0,3.0,4.0,2.0,2.0,5.0,1.0,1.0,
490,45.0,3527.0,2.0,1.0,12.0,2.0,2.0,2.0,2.0,4.0,1.0,1.0,3.0,1.0,3.0,3.0,2.0,0.0,5.0,4.0,2.0,
150,48.0,1743.0,4.0,1.0,24.0,5.0,2.0,2.0,4.0,2.0,2.0,1.0,3.0,2.0,3.0,2.0,2.0,3.0,1.0,2.0,1.0,
611,23.0,836.0,2.0,0.0,12.0,2.0,2.0,2.0,4.0,2.0,1.0,1.0,1.0,2.0,2.0,2.0,2.0,0.0,2.0,2.0,1.0,
905,26.0,3114.0,0.0,0.0,18.0,2.0,2.0,1.0,1.0,3.0,1.0,1.0,3.0,2.0,2.0,4.0,2.0,2.0,1.0,1.0,1.0,
234,40.0,3857.0,2.0,1.0,30.0,3.0,2.0,2.0,4.0,4.0,1.0,1.0,3.0,2.0,1.0,4.0,2.0,1.0,1.0,1.0,2.0,
513,37.0,3878.0,4.0,1.0,24.0,2.0,2.0,2.0,4.0,3.0,1.0,1.0,3.0,2.0,1.0,2.0,3.0,0.0,2.0,2.0,2.0,
862,24.0,4308.0,2.0,0.0,48.0,2.0,2.0,1.0,3.0,3.0,1.0,1.0,3.0,2.0,2.0,4.0,2.0,9.0,1.0,1.0,1.0,
169,24.0,2788.0,4.0,1.0,15.0,4.0,2.0,2.0,2.0,3.0,2.0,2.0,1.0,2.0,2.0,3.0,3.0,2.0,1.0,4.0,1.0,
592,51.0,1164.0,4.0,1.0,8.0,5.0,2.0,3.0,3.0,4.0,2.0,1.0,1.0,1.0,3.0,4.0,4.0,10.0,1.0,1.0,2.0,
896,38.0,12976.0,2.0,0.0,18.0,1.0,2.0,3.0,3.0,4.0,1.0,1.0,3.0,2.0,2.0,4.0,4.0,1.0,1.0,2.0,2.0,
648,32.0,7238.0,3.0,1.0,48.0,5.0,2.0,2.0,3.0,3.0,2.0,1.0,1.0,1.0,3.0,3.0,3.0,3.0,5.0,4.0,1.0,
609,26.0,4788.0,2.0,1.0,48.0,4.0,2.0,2.0,4.0,3.0,1.0,1.0,3.0,1.0,3.0,3.0,2.0,1.0,1.0,1.0,1.0,
80,35.0,1979.0,2.0,1.0,15.0,5.0,2.0,2.0,4.0,3.0,1.0,1.0,3.0,2.0,3.0,2.0,3.0,3.0,5.0,4.0,1.0,
235,25.0,685.0,2.0,0.0,12.0,4.0,2.0,2.0,2.0,2.0,1.0,1.0,1.0,2.0,4.0,3.0,3.0,0.0,1.0,2.0,1.0,
846,23.0,2520.0,4.0,0.0,27.0,3.0,2.0,2.0,4.0,2.0,2.0,1.0,3.0,2.0,3.0,2.0,2.0,3.0,3.0,2.0,1.0,
596,28.0,5371.0,4.0,1.0,36.0,3.0,2.0,2.0,3.0,3.0,2.0,3.0,3.0,2.0,3.0,2.0,2.0,2.0,1.0,1.0,1.0,
715,26.0,3518.0,2.0,1.0,6.0,3.0,2.0,1.0,2.0,3.0,1.0,3.0,3.0,2.0,3.0,3.0,2.0,0.0,1.0,4.0,1.0,
469,24.0,2323.0,2.0,1.0,36.0,4.0,2.0,1.0,4.0,3.0,1.0,1.0,3.0,2.0,3.0,4.0,3.0,3.0,1.0,2.0,1.0,
314,26.0,1201.0,2.0,1.0,24.0,2.0,2.0,2.0,4.0,3.0,1.0,1.0,3.0,2.0,3.0,1.0,2.0,0.0,1.0,2.0,1.0,
411,64.0,1409.0,2.0,1.0,13.0,1.0,2.0,2.0,2.0,3.0,1.0,1.0,3.0,2.0,2.0,4.0,1.0,3.0,2.0,4.0,1.0,
726,21.0,2779.0,2.0,1.0,18.0,3.0,2.0,1.0,1.0,3.0,1.0,1.0,3.0,2.0,4.0,3.0,3.0,1.0,1.0,2.0,2.0,
491,33.0,2051.0,2.0,1.0,18.0,2.0,2.0,2.0,4.0,3.0,1.0,1.0,3.0,2.0,3.0,1.0,1.0,3.0,1.0,4.0,1.0,
104,54.0,7432.0,3.0,1.0,36.0,3.0,2.0,1.0,2.0,3.0,1.0,1.0,3.0,2.0,2.0,2.0,2.0,0.0,1.0,2.0,1.0,
756,33.0,950.0,0.0,0.0,15.0,5.0,2.0,1.0,4.0,3.0,2.0,1.0,3.0,1.0,3.0,3.0,3.0,0.0,1.0,1.0,1.0,
410,29.0,7166.0,2.0,1.0,42.0,4.0,2.0,1.0,2.0,3.0,1.0,1.0,3.0,2.0,4.0,4.0,2.0,3.0,5.0,4.0,2.0,
865,27.0,5998.0,4.0,0.0,40.0,3.0,2.0,2.0,4.0,3.0,1.0,1.0,1.0,2.0,3.0,3.0,4.0,6.0,1.0,1.0,2.0,
71,32.0,2745.0,4.0,1.0,21.0,4.0,2.0,2.0,3.0,3.0,2.0,1.0,3.0,2.0,3.0,2.0,3.0,2.0,4.0,2.0,2.0,
954,24.0,11590.0,4.0,0.0,48.0,3.0,2.0,1.0,2.0,2.0,2.0,1.0,3.0,2.0,2.0,4.0,3.0,1.0,2.0,4.0,1.0,
116,28.0,6260.0,2.0,1.0,18.0,4.0,2.0,1.0,3.0,2.0,1.0,1.0,3.0,2.0,3.0,3.0,1.0,0.0,1.0,2.0,1.0,
834,26.0,4210.0,2.0,0.0,36.0,3.0,2.0,2.0,4.0,3.0,1.0,1.0,3.0,2.0,3.0,2.0,3.0,3.0,1.0,3.0,1.0,
774,24.0,9271.0,2.0,0.0,36.0,4.0,2.0,2.0,2.0,3.0,1.0,1.0,3.0,2.0,3.0,1.0,3.0,0.0,1.0,1.0,2.0,
693,22.0,454.0,2.0,1.0,6.0,2.0,2.0,2.0,3.0,2.0,1.0,1.0,3.0,2.0,4.0,1.0,2.0,5.0,1.0,2.0,1.0,
377,28.0,1108.0,0.0,0.0,12.0,4.0,2.0,2.0,4.0,3.0,2.0,1.0,3.0,2.0,3.0,3.0,1.0,5.0,1.0,1.0,1.0,
92,25.0,2991.0,2.0,1.0,30.0,5.0,2.0,2.0,2.0,3.0,1.0,1.0,3.0,2.0,2.0,4.0,3.0,3.0,5.0,2.0,1.0,
882,34.0,1337.0,0.0,0.0,9.0,2.0,2.0,2.0,4.0,4.0,2.0,1.0,3.0,2.0,3.0,2.0,3.0,3.0,1.0,3.0,2.0,
621,48.0,9277.0,2.0,1.0,24.0,3.0,2.0,3.0,2.0,3.0,1.0,1.0,3.0,2.0,1.0,4.0,4.0,1.0,5.0,4.0,2.0,
265,34.0,1493.0,2.0,1.0,12.0,2.0,2.0,2.0,4.0,3.0,1.0,1.0,3.0,1.0,2.0,3.0,3.0,3.0,1.0,4.0,1.0,
635,39.0,3249.0,2.0,1.0,36.0,4.0,2.0,3.0,2.0,4.0,1.0,1.0,1.0,1.0,3.0,4.0,4.0,0.0,1.0,1.0,2.0,
899,36.0,3915.0,2.0,0.0,27.0,3.0,2.0,2.0,4.0,3.0,1.0,1.0,3.0,1.0,3.0,2.0,3.0,9.0,1.0,2.0,2.0,
797,34.0,2864.0,2.0,0.0,18.0,3.0,2.0,2.0,2.0,2.0,1.0,1.0,3.0,1.0,3.0,1.0,1.0,2.0,1.0,3.0,1.0,
379,22.0,1514.0,2.0,1.0,15.0,3.0,2.0,2.0,4.0,3.0,1.0,3.0,3.0,2.0,3.0,2.0,1.0,5.0,2.0,2.0,1.0,
210,35.0,2753.0,2.0,1.0,9.0,5.0,2.0,2.0,3.0,3.0,1.0,2.0,3.0,2.0,3.0,4.0,3.0,3.0,2.0,4.0,2.0,
600,29.0,5179.0,2.0,0.0,36.0,4.0,2.0,2.0,4.0,3.0,1.0,1.0,3.0,2.0,3.0,2.0,2.0,2.0,1.0,1.0,1.0,
223,35.0,4679.0,3.0,1.0,24.0,4.0,2.0,2.0,3.0,2.0,2.0,1.0,3.0,2.0,3.0,3.0,3.0,1.0,1.0,4.0,2.0,
323,28.0,2142.0,2.0,1.0,11.0,5.0,2.0,2.0,1.0,3.0,1.0,1.0,3.0,2.0,1.0,2.0,1.0,9.0,4.0,4.0,2.0,
196,35.0,7253.0,4.0,1.0,33.0,4.0,2.0,2.0,3.0,4.0,2.0,1.0,3.0,2.0,3.0,2.0,3.0,1.0,1.0,4.0,2.0,
439,43.0,2442.0,4.0,1.0,27.0,5.0,2.0,2.0,4.0,4.0,4.0,1.0,2.0,1.0,3.0,4.0,3.0,9.0,1.0,1.0,2.0,
138,32.0,2325.0,1.0,1.0,24.0,4.0,2.0,2.0,2.0,3.0,1.0,1.0,1.0,2.0,3.0,3.0,3.0,0.0,2.0,1.0,1.0,
46,23.0,1216.0,2.0,0.0,18.0,2.0,2.0,1.0,4.0,3.0,1.0,1.0,3.0,2.0,2.0,3.0,3.0,0.0,1.0,1.0,2.0,
666,49.0,1092.0,2.0,1.0,12.0,3.0,2.0,2.0,4.0,3.0,2.0,3.0,3.0,2.0,2.0,4.0,1.0,3.0,1.0,2.0,2.0,
268,36.0,909.0,2.0,1.0,36.0,5.0,2.0,2.0,4.0,3.0,1.0,1.0,3.0,2.0,3.0,4.0,2.0,0.0,3.0,4.0,1.0,
63,47.0,3578.0,4.0,1.0,48.0,5.0,2.0,2.0,4.0,3.0,1.0,1.0,3.0,2.0,3.0,1.0,1.0,3.0,5.0,4.0,2.0,
350,32.0,701.0,4.0,1.0,12.0,3.0,2.0,2.0,4.0,3.0,2.0,1.0,3.0,2.0,3.0,2.0,3.0,6.0,1.0,4.0,1.0,
306,41.0,1469.0,2.0,1.0,24.0,5.0,2.0,1.0,4.0,2.0,1.0,1.0,3.0,2.0,4.0,4.0,1.0,0.0,2.0,4.0,1.0,
315,41.0,662.0,2.0,1.0,6.0,2.0,2.0,2.0,3.0,2.0,1.0,1.0,3.0,1.0,3.0,4.0,1.0,0.0,1.0,1.0,2.0,
566,23.0,1553.0,3.0,1.0,24.0,4.0,2.0,1.0,3.0,3.0,2.0,1.0,3.0,2.0,2.0,2.0,2.0,3.0,2.0,2.0,2.0,
17,40.0,3939.0,4.0,1.0,11.0,3.0,2.0,2.0,1.0,2.0,2.0,1.0,3.0,1.0,3.0,2.0,1.0,0.0,1.0,1.0,1.0,
639,24.0,4272.0,4.0,1.0,20.0,5.0,2.0,2.0,1.0,3.0,2.0,1.0,3.0,2.0,2.0,4.0,2.0,2.0,1.0,1.0,1.0,
792,25.0,2327.0,2.0,0.0,15.0,2.0,2.0,2.0,2.0,2.0,1.0,1.0,3.0,2.0,2.0,3.0,1.0,3.0,1.0,3.0,1.0,
60,36.0,3079.0,2.0,1.0,36.0,3.0,2.0,2.0,4.0,3.0,1.0,1.0,3.0,2.0,3.0,4.0,1.0,0.0,5.0,4.0,1.0,
39,31.0,3378.0,2.0,1.0,18.0,3.0,2.0,2.0,2.0,3.0,1.0,1.0,3.0,2.0,3.0,1.0,2.0,1.0,5.0,4.0,2.0,
735,42.0,5493.0,2.0,1.0,36.0,5.0,2.0,3.0,2.0,3.0,1.0,1.0,3.0,1.0,3.0,4.0,4.0,1.0,1.0,1.0,1.0,
729,30.0,11054.0,4.0,1.0,36.0,3.0,2.0,2.0,4.0,4.0,1.0,1.0,3.0,2.0,3.0,2.0,3.0,1.0,5.0,4.0,2.0,
780,40.0,4623.0,2.0,0.0,15.0,3.0,2.0,2.0,3.0,4.0,1.0,1.0,3.0,2.0,3.0,2.0,2.0,6.0,2.0,4.0,2.0,
157,23.0,1498.0,2.0,1.0,12.0,3.0,2.0,2.0,4.0,3.0,1.0,1.0,1.0,2.0,2.0,1.0,3.0,3.0,1.0,1.0,1.0,
45,61.0,1239.0,2.0,1.0,18.0,3.0,2.0,3.0,4.0,3.0,1.0,1.0,3.0,2.0,3.0,4.0,4.0,6.0,5.0,2.0,1.0,
190,28.0,2923.0,2.0,1.0,21.0,3.0,2.0,2.0,1.0,4.0,1.0,1.0,1.0,2.0,2.0,1.0,3.0,0.0,2.0,3.0,2.0,
974,29.0,11816.0,0.0,0.0,45.0,5.0,2.0,1.0,2.0,3.0,2.0,1.0,3.0,2.0,3.0,4.0,3.0,9.0,1.0,1.0,1.0,
721,50.0,6224.0,3.0,0.0,48.0,5.0,2.0,3.0,4.0,3.0,1.0,1.0,3.0,2.0,3.0,4.0,4.0,6.0,1.0,2.0,1.0,
228,27.0,802.0,3.0,1.0,14.0,3.0,2.0,2.0,4.0,2.0,2.0,1.0,3.0,2.0,3.0,2.0,3.0,0.0,1.0,4.0,1.0,
36,39.0,860.0,4.0,1.0,6.0,5.0,2.0,2.0,1.0,3.0,2.0,1.0,3.0,2.0,2.0,4.0,4.0,0.0,1.0,1.0,2.0,
660,26.0,590.0,2.0,1.0,6.0,2.0,1.0,2.0,3.0,2.0,1.0,1.0,3.0,2.0,4.0,3.0,1.0,3.0,1.0,2.0,1.0,
674,44.0,760.0,2.0,1.0,8.0,4.0,2.0,2.0,4.0,2.0,1.0,3.0,3.0,2.0,2.0,2.0,1.0,3.0,1.0,2.0,1.0,
416,29.0,2743.0,4.0,1.0,28.0,5.0,2.0,2.0,4.0,3.0,2.0,1.0,3.0,2.0,3.0,2.0,3.0,3.0,1.0,4.0,1.0,
843,29.0,1123.0,2.0,0.0,12.0,3.0,2.0,1.0,4.0,2.0,1.0,1.0,3.0,2.0,2.0,4.0,3.0,2.0,3.0,4.0,1.0,
505,38.0,7814.0,2.0,1.0,24.0,4.0,2.0,2.0,3.0,4.0,1.0,1.0,3.0,2.0,3.0,3.0,3.0,1.0,1.0,4.0,2.0,
765,47.0,2538.0,3.0,0.0,24.0,5.0,2.0,2.0,4.0,2.0,2.0,1.0,3.0,1.0,3.0,4.0,3.0,0.0,1.0,4.0,1.0,
980,35.0,3386.0,2.0,0.0,12.0,5.0,2.0,3.0,3.0,3.0,1.0,1.0,3.0,2.0,3.0,4.0,4.0,1.0,1.0,1.0,2.0,
970,40.0,1647.0,1.0,0.0,21.0,3.0,2.0,2.0,4.0,2.0,2.0,1.0,1.0,1.0,3.0,2.0,2.0,0.0,5.0,1.0,1.0,
465,24.0,7472.0,2.0,1.0,12.0,1.0,2.0,1.0,1.0,1.0,1.0,1.0,3.0,2.0,2.0,2.0,1.0,0.0,5.0,2.0,1.0,
282,46.0,2251.0,2.0,1.0,12.0,3.0,2.0,2.0,1.0,2.0,1.0,1.0,3.0,2.0,2.0,2.0,3.0,2.0,1.0,3.0,1.0,
357,63.0,2924.0,2.0,1.0,24.0,3.0,2.0,2.0,3.0,3.0,1.0,3.0,1.0,1.0,3.0,4.0,4.0,1.0,1.0,1.0,2.0,
937,29.0,959.0,2.0,0.0,9.0,3.0,2.0,2.0,1.0,3.0,1.0,1.0,1.0,2.0,2.0,2.0,3.0,2.0,1.0,2.0,1.0,
487,35.0,3780.0,4.0,1.0,18.0,2.0,2.0,2.0,3.0,4.0,2.0,1.0,3.0,2.0,1.0,2.0,3.0,2.0,1.0,4.0,2.0,
448,21.0,886.0,2.0,1.0,12.0,3.0,2.0,2.0,4.0,3.0,1.0,1.0,3.0,2.0,2.0,2.0,3.0,3.0,5.0,4.0,1.0,
924,50.0,5293.0,0.0,0.0,27.0,1.0,2.0,2.0,2.0,3.0,2.0,1.0,3.0,2.0,3.0,4.0,2.0,9.0,1.0,1.0,2.0,
902,33.0,2579.0,2.0,0.0,12.0,2.0,2.0,2.0,4.0,2.0,1.0,1.0,3.0,1.0,3.0,1.0,1.0,0.0,1.0,1.0,1.0,
293,34.0,1898.0,4.0,1.0,6.0,3.0,2.0,2.0,1.0,2.0,2.0,1.0,3.0,1.0,3.0,2.0,1.0,3.0,5.0,4.0,1.0,
405,32.0,4594.0,2.0,1.0,18.0,2.0,2.0,2.0,3.0,3.0,1.0,1.0,3.0,2.0,3.0,2.0,3.0,3.0,1.0,4.0,2.0,
857,30.0,3349.0,1.0,0.0,24.0,2.0,2.0,3.0,4.0,3.0,1.0,1.0,3.0,1.0,3.0,4.0,4.0,2.0,3.0,1.0,2.0,
825,29.0,1659.0,3.0,0.0,24.0,2.0,2.0,1.0,4.0,2.0,1.0,1.0,3.0,2.0,2.0,2.0,3.0,3.0,1.0,1.0,2.0,
826,47.0,1209.0,3.0,0.0,6.0,1.0,2.0,2.0,4.0,4.0,1.0,1.0,3.0,2.0,3.0,4.0,2.0,0.0,1.0,2.0,2.0,
159,59.0,6416.0,1.0,0.0,48.0,5.0,2.0,1.0,4.0,3.0,1.0,1.0,3.0,2.0,2.0,3.0,4.0,9.0,1.0,2.0,1.0,
762,65.0,2600.0,2.0,0.0,18.0,3.0,2.0,3.0,4.0,3.0,2.0,1.0,3.0,2.0,3.0,4.0,4.0,3.0,1.0,1.0,1.0,
777,40.0,4297.0,3.0,0.0,18.0,5.0,2.0,2.0,4.0,4.0,1.0,1.0,3.0,2.0,1.0,3.0,4.0,2.0,1.0,2.0,2.0,
422,40.0,1322.0,4.0,1.0,11.0,3.0,2.0,2.0,4.0,3.0,2.0,1.0,3.0,2.0,2.0,4.0,3.0,0.0,4.0,2.0,1.0,
383,63.0,13756.0,4.0,1.0,60.0,5.0,2.0,3.0,2.0,4.0,1.0,1.0,1.0,2.0,3.0,4.0,4.0,0.0,5.0,4.0,2.0,
989,23.0,976.0,2.0,0.0,18.0,2.0,2.0,2.0,1.0,2.0,1.0,1.0,3.0,2.0,2.0,2.0,3.0,0.0,1.0,1.0,1.0,
278,27.0,3652.0,4.0,1.0,21.0,4.0,2.0,2.0,2.0,3.0,2.0,1.0,3.0,2.0,3.0,3.0,2.0,9.0,1.0,2.0,1.0,
84,36.0,2360.0,4.0,1.0,15.0,3.0,2.0,2.0,2.0,3.0,1.0,1.0,3.0,2.0,3.0,2.0,3.0,1.0,3.0,3.0,2.0,
22,49.0,3124.0,4.0,1.0,12.0,2.0,2.0,2.0,1.0,2.0,2.0,1.0,1.0,1.0,3.0,3.0,1.0,0.0,1.0,2.0,1.0,
73,39.0,2299.0,2.0,1.0,36.0,5.0,2.0,2.0,4.0,3.0,1.0,1.0,3.0,2.0,3.0,4.0,3.0,3.0,3.0,4.0,1.0,
406,40.0,5381.0,2.0,1.0,48.0,1.0,2.0,3.0,3.0,1.0,1.0,1.0,1.0,2.0,3.0,4.0,4.0,10.0,5.0,2.0,2.0,
145,25.0,2394.0,2.0,1.0,36.0,3.0,2.0,2.0,4.0,3.0,1.0,1.0,3.0,2.0,2.0,4.0,3.0,3.0,5.0,4.0,1.0,
303,26.0,3749.0,2.0,1.0,24.0,2.0,2.0,2.0,2.0,3.0,1.0,1.0,3.0,2.0,2.0,4.0,3.0,2.0,1.0,3.0,1.0,
460,26.0,2445.0,2.0,1.0,12.0,2.0,2.0,1.0,2.0,3.0,1.0,1.0,3.0,2.0,4.0,4.0,3.0,1.0,5.0,4.0,2.0,
620,47.0,958.0,4.0,1.0,12.0,4.0,2.0,2.0,2.0,2.0,2.0,1.0,3.0,1.0,3.0,3.0,1.0,0.0,1.0,2.0,1.0,
89,39.0,666.0,4.0,1.0,6.0,4.0,2.0,2.0,3.0,2.0,2.0,1.0,3.0,2.0,2.0,4.0,1.0,0.0,4.0,1.0,2.0,
419,29.0,1169.0,4.0,1.0,18.0,3.0,2.0,2.0,4.0,3.0,2.0,1.0,3.0,2.0,3.0,3.0,2.0,3.0,5.0,4.0,2.0,
601,26.0,8229.0,2.0,0.0,36.0,3.0,2.0,2.0,2.0,3.0,1.0,1.0,3.0,1.0,3.0,2.0,2.0,1.0,1.0,1.0,1.0,
349,30.0,2121.0,4.0,1.0,12.0,3.0,2.0,2.0,4.0,3.0,2.0,1.0,3.0,2.0,3.0,2.0,2.0,0.0,1.0,1.0,1.0,
275,35.0,2670.0,2.0,1.0,24.0,5.0,2.0,2.0,4.0,4.0,1.0,1.0,3.0,2.0,3.0,4.0,3.0,1.0,1.0,4.0,2.0,
292,20.0,2221.0,2.0,1.0,15.0,3.0,2.0,1.0,2.0,3.0,1.0,1.0,3.0,2.0,2.0,4.0,3.0,2.0,3.0,4.0,1.0,
96,32.0,4526.0,4.0,1.0,27.0,2.0,2.0,2.0,4.0,2.0,2.0,1.0,2.0,1.0,3.0,2.0,1.0,2.0,4.0,4.0,2.0,
582,33.0,2359.0,2.0,0.0,24.0,1.0,2.0,2.0,1.0,3.0,1.0,1.0,3.0,2.0,1.0,1.0,2.0,2.0,2.0,1.0,1.0,
935,43.0,2625.0,4.0,0.0,16.0,5.0,1.0,1.0,2.0,3.0,1.0,3.0,3.0,2.0,3.0,4.0,2.0,0.0,1.0,1.0,2.0,
340,55.0,1413.0,2.0,1.0,12.0,4.0,1.0,2.0,3.0,3.0,1.0,1.0,3.0,2.0,3.0,2.0,2.0,1.0,4.0,4.0,1.0,
606,25.0,975.0,4.0,1.0,15.0,3.0,2.0,2.0,2.0,3.0,2.0,1.0,3.0,2.0,1.0,3.0,2.0,2.0,1.0,1.0,1.0,
683,36.0,7057.0,3.0,1.0,20.0,4.0,2.0,1.0,3.0,4.0,2.0,1.0,1.0,1.0,3.0,4.0,2.0,1.0,5.0,2.0,2.0,
170,28.0,1382.0,4.0,1.0,6.0,3.0,2.0,2.0,1.0,3.0,2.0,1.0,3.0,2.0,2.0,1.0,3.0,3.0,1.0,4.0,2.0,
356,42.0,10477.0,4.0,1.0,36.0,5.0,2.0,3.0,2.0,3.0,2.0,1.0,3.0,2.0,3.0,4.0,4.0,1.0,5.0,4.0,1.0,
650,34.0,2622.0,2.0,1.0,18.0,3.0,2.0,2.0,4.0,3.0,1.0,1.0,3.0,2.0,3.0,4.0,3.0,9.0,2.0,2.0,1.0,
876,28.0,4249.0,4.0,0.0,30.0,1.0,2.0,2.0,4.0,4.0,2.0,1.0,3.0,2.0,4.0,2.0,3.0,0.0,1.0,2.0,1.0,
267,37.0,2118.0,2.0,1.0,9.0,3.0,2.0,2.0,2.0,2.0,1.0,1.0,3.0,1.0,3.0,2.0,1.0,3.0,1.0,2.0,1.0,
390,26.0,2812.0,2.0,1.0,24.0,5.0,2.0,1.0,2.0,3.0,1.0,1.0,3.0,2.0,2.0,4.0,1.0,1.0,5.0,1.0,1.0,
12,24.0,6187.0,4.0,1.0,30.0,4.0,2.0,1.0,1.0,3.0,2.0,1.0,3.0,2.0,4.0,4.0,3.0,1.0,2.0,1.0,1.0,
533,44.0,1881.0,2.0,1.0,12.0,3.0,2.0,1.0,2.0,2.0,1.0,1.0,3.0,2.0,2.0,2.0,3.0,3.0,1.0,3.0,2.0,
313,41.0,250.0,4.0,1.0,6.0,3.0,2.0,2.0,2.0,2.0,2.0,1.0,1.0,2.0,2.0,2.0,1.0,0.0,4.0,4.0,1.0,
808,63.0,6836.0,3.0,0.0,60.0,5.0,2.0,2.0,3.0,3.0,2.0,1.0,3.0,2.0,3.0,4.0,4.0,9.0,1.0,1.0,2.0,
218,27.0,709.0,2.0,1.0,6.0,2.0,1.0,2.0,2.0,1.0,1.0,1.0,3.0,2.0,4.0,2.0,1.0,0.0,4.0,3.0,1.0,
703,23.0,8471.0,3.0,1.0,18.0,3.0,2.0,1.0,1.0,3.0,2.0,1.0,3.0,2.0,2.0,2.0,3.0,6.0,5.0,1.0,2.0,
318,24.0,3016.0,2.0,1.0,12.0,3.0,2.0,2.0,3.0,3.0,1.0,1.0,3.0,2.0,4.0,1.0,3.0,3.0,1.0,3.0,1.0,
616,29.0,1893.0,2.0,1.0,12.0,3.0,2.0,2.0,4.0,3.0,1.0,3.0,3.0,2.0,2.0,4.0,2.0,0.0,1.0,1.0,2.0,
462,40.0,7374.0,4.0,1.0,18.0,1.0,2.0,2.0,4.0,4.0,2.0,1.0,2.0,2.0,3.0,4.0,2.0,2.0,1.0,2.0,2.0,
147,49.0,2964.0,2.0,1.0,24.0,5.0,2.0,3.0,4.0,3.0,1.0,1.0,1.0,1.0,3.0,4.0,4.0,1.0,5.0,1.0,2.0,
34,28.0,1376.0,2.0,1.0,24.0,4.0,2.0,2.0,4.0,3.0,1.0,1.0,3.0,2.0,2.0,1.0,3.0,3.0,3.0,4.0,1.0,
619,31.0,3108.0,2.0,0.0,30.0,2.0,2.0,2.0,2.0,2.0,1.0,1.0,3.0,2.0,1.0,4.0,2.0,2.0,1.0,1.0,1.0,
967,27.0,8648.0,3.0,0.0,24.0,2.0,2.0,2.0,2.0,3.0,2.0,1.0,1.0,2.0,3.0,2.0,3.0,9.0,1.0,4.0,2.0,
435,57.0,1264.0,4.0,1.0,12.0,5.0,2.0,1.0,4.0,2.0,1.0,1.0,3.0,2.0,3.0,4.0,4.0,9.0,5.0,4.0,1.0,
118,28.0,2603.0,2.0,1.0,24.0,3.0,2.0,1.0,2.0,3.0,1.0,1.0,3.0,2.0,2.0,4.0,3.0,1.0,4.0,4.0,2.0,
216,37.0,3949.0,2.0,1.0,10.0,2.0,2.0,2.0,1.0,2.0,1.0,3.0,3.0,1.0,3.0,1.0,2.0,0.0,1.0,3.0,1.0,
151,42.0,409.0,1.0,1.0,12.0,3.0,2.0,1.0,3.0,3.0,2.0,1.0,3.0,2.0,2.0,3.0,1.0,3.0,4.0,3.0,1.0,
799,29.0,915.0,2.0,0.0,24.0,5.0,2.0,2.0,4.0,3.0,1.0,1.0,1.0,2.0,2.0,2.0,3.0,0.0,5.0,1.0,1.0,
541,22.0,1670.0,2.0,0.0,9.0,2.0,2.0,2.0,4.0,3.0,1.0,1.0,3.0,2.0,2.0,2.0,3.0,3.0,1.0,2.0,2.0,
542,41.0,3979.0,2.0,1.0,48.0,4.0,2.0,2.0,4.0,3.0,2.0,1.0,3.0,1.0,3.0,1.0,3.0,3.0,5.0,2.0,2.0,
810,35.0,1198.0,1.0,0.0,6.0,5.0,2.0,3.0,4.0,3.0,1.0,1.0,3.0,2.0,2.0,4.0,4.0,6.0,1.0,1.0,1.0,
258,23.0,2146.0,4.0,1.0,10.0,2.0,2.0,1.0,1.0,3.0,2.0,1.0,3.0,2.0,2.0,3.0,1.0,2.0,1.0,4.0,1.0,
297,22.0,2301.0,2.0,1.0,9.0,2.0,2.0,1.0,2.0,3.0,1.0,1.0,3.0,2.0,2.0,4.0,2.0,2.0,2.0,4.0,1.0,
874,28.0,9572.0,3.0,0.0,36.0,2.0,2.0,2.0,1.0,3.0,2.0,1.0,3.0,2.0,1.0,1.0,3.0,9.0,1.0,4.0,1.0,
684,50.0,1537.0,4.0,1.0,15.0,5.0,2.0,2.0,4.0,3.0,2.0,3.0,3.0,2.0,3.0,4.0,1.0,3.0,5.0,2.0,2.0,
617,38.0,10623.0,4.0,1.0,30.0,5.0,2.0,3.0,3.0,4.0,3.0,1.0,3.0,1.0,3.0,4.0,4.0,1.0,1.0,1.0,2.0,
811,23.0,15672.0,2.0,0.0,48.0,3.0,2.0,2.0,2.0,3.0,1.0,1.0,3.0,2.0,3.0,2.0,3.0,9.0,1.0,2.0,2.0,
69,22.0,1567.0,2.0,1.0,12.0,3.0,2.0,2.0,1.0,3.0,1.0,1.0,3.0,2.0,2.0,1.0,3.0,3.0,1.0,2.0,2.0,
569,43.0,1935.0,4.0,1.0,12.0,5.0,2.0,2.0,4.0,3.0,3.0,1.0,3.0,2.0,3.0,4.0,1.0,2.0,1.0,4.0,2.0,
225,28.0,2659.0,2.0,1.0,18.0,3.0,2.0,2.0,4.0,3.0,1.0,1.0,3.0,2.0,3.0,2.0,3.0,2.0,4.0,1.0,1.0,
782,48.0,1024.0,3.0,0.0,24.0,2.0,2.0,2.0,4.0,3.0,1.0,1.0,2.0,2.0,4.0,4.0,1.0,3.0,1.0,1.0,1.0,
338,49.0,1038.0,4.0,1.0,10.0,4.0,2.0,2.0,4.0,3.0,2.0,2.0,3.0,2.0,3.0,3.0,2.0,0.0,1.0,1.0,2.0,
612,42.0,2577.0,2.0,1.0,12.0,3.0,2.0,2.0,2.0,3.0,1.0,1.0,3.0,2.0,1.0,1.0,3.0,2.0,1.0,1.0,1.0,
585,53.0,7865.0,2.0,0.0,12.0,5.0,2.0,3.0,4.0,4.0,1.0,1.0,3.0,2.0,3.0,4.0,4.0,2.0,1.0,1.0,2.0,
255,38.0,5711.0,4.0,1.0,36.0,5.0,2.0,2.0,4.0,4.0,2.0,1.0,3.0,2.0,3.0,2.0,3.0,1.0,4.0,4.0,2.0,
749,67.0,1199.0,2.0,1.0,9.0,4.0,2.0,2.0,4.0,4.0,2.0,1.0,3.0,2.0,2.0,4.0,2.0,6.0,1.0,2.0,2.0,
918,25.0,2969.0,0.0,0.0,12.0,2.0,2.0,1.0,4.0,3.0,2.0,1.0,3.0,2.0,2.0,3.0,2.0,2.0,1.0,2.0,1.0,
131,26.0,1925.0,2.0,1.0,24.0,3.0,2.0,2.0,2.0,3.0,1.0,1.0,3.0,2.0,3.0,2.0,1.0,2.0,1.0,3.0,1.0,
51,49.0,640.0,2.0,1.0,12.0,3.0,2.0,2.0,4.0,2.0,1.0,1.0,3.0,2.0,1.0,2.0,1.0,0.0,1.0,4.0,1.0,
805,23.0,900.0,2.0,0.0,12.0,3.0,2.0,2.0,4.0,3.0,1.0,1.0,3.0,2.0,4.0,2.0,3.0,0.0,5.0,1.0,1.0,
193,24.0,8487.0,2.0,1.0,48.0,4.0,2.0,2.0,1.0,3.0,1.0,1.0,3.0,2.0,2.0,2.0,3.0,0.0,5.0,2.0,1.0,
848,60.0,14782.0,1.0,0.0,60.0,5.0,2.0,3.0,3.0,4.0,2.0,1.0,1.0,2.0,2.0,4.0,4.0,10.0,2.0,2.0,2.0,
56,58.0,385.0,4.0,1.0,12.0,4.0,2.0,2.0,4.0,2.0,4.0,1.0,3.0,2.0,2.0,3.0,1.0,3.0,1.0,1.0,2.0,
483,32.0,3863.0,3.0,1.0,24.0,3.0,2.0,3.0,1.0,3.0,1.0,1.0,3.0,2.0,3.0,2.0,4.0,9.0,1.0,4.0,1.0,
578,40.0,684.0,2.0,0.0,12.0,3.0,2.0,1.0,4.0,2.0,1.0,1.0,3.0,1.0,3.0,4.0,3.0,6.0,1.0,1.0,1.0,
247,24.0,1800.0,4.0,1.0,18.0,3.0,2.0,2.0,4.0,3.0,2.0,1.0,3.0,2.0,3.0,2.0,3.0,3.0,1.0,4.0,1.0,
985,34.0,6999.0,2.0,0.0,48.0,4.0,2.0,2.0,1.0,3.0,2.0,3.0,3.0,2.0,4.0,1.0,1.0,3.0,1.0,1.0,2.0,
74,31.0,929.0,2.0,1.0,24.0,4.0,2.0,2.0,4.0,3.0,1.0,1.0,2.0,2.0,3.0,2.0,3.0,2.0,5.0,4.0,2.0,
957,61.0,2767.0,2.0,0.0,21.0,5.0,2.0,1.0,4.0,2.0,2.0,1.0,3.0,2.0,1.0,2.0,3.0,9.0,2.0,2.0,1.0,
420,44.0,1478.0,4.0,1.0,15.0,5.0,2.0,2.0,4.0,3.0,2.0,1.0,3.0,1.0,3.0,4.0,3.0,2.0,1.0,1.0,2.0,
781,49.0,8386.0,4.0,0.0,30.0,4.0,2.0,2.0,2.0,3.0,1.0,1.0,3.0,2.0,3.0,2.0,2.0,2.0,1.0,2.0,1.0,
122,35.0,5842.0,4.0,1.0,36.0,5.0,2.0,2.0,2.0,3.0,2.0,1.0,3.0,1.0,3.0,2.0,2.0,1.0,1.0,4.0,2.0,
252,44.0,6204.0,3.0,1.0,18.0,3.0,2.0,2.0,2.0,2.0,1.0,1.0,3.0,1.0,3.0,4.0,1.0,5.0,1.0,2.0,2.0,
59,41.0,3160.0,2.0,1.0,21.0,5.0,2.0,2.0,4.0,3.0,1.0,1.0,3.0,2.0,3.0,3.0,2.0,3.0,5.0,4.0,2.0,
179,34.0,1950.0,2.0,1.0,18.0,4.0,2.0,2.0,4.0,3.0,2.0,1.0,2.0,2.0,3.0,1.0,3.0,9.0,1.0,4.0,2.0,
925,26.0,3414.0,3.0,0.0,21.0,2.0,2.0,2.0,2.0,3.0,2.0,1.0,2.0,2.0,3.0,1.0,2.0,6.0,1.0,1.0,1.0,
586,34.0,2910.0,2.0,1.0,24.0,4.0,2.0,3.0,2.0,4.0,1.0,1.0,3.0,2.0,3.0,1.0,4.0,1.0,1.0,1.0,2.0,
311,65.0,930.0,4.0,1.0,12.0,5.0,2.0,2.0,4.0,3.0,4.0,1.0,3.0,2.0,3.0,4.0,1.0,3.0,5.0,4.0,1.0,
240,24.0,2569.0,2.0,1.0,39.0,3.0,2.0,2.0,4.0,3.0,1.0,1.0,3.0,2.0,3.0,4.0,3.0,1.0,3.0,4.0,1.0,
626,36.0,1872.0,4.0,1.0,6.0,1.0,2.0,3.0,4.0,4.0,3.0,1.0,3.0,2.0,3.0,4.0,4.0,2.0,1.0,1.0,2.0,
154,38.0,3512.0,2.0,1.0,24.0,4.0,2.0,2.0,2.0,3.0,2.0,1.0,1.0,2.0,3.0,3.0,3.0,0.0,2.0,2.0,2.0,
271,50.0,1236.0,2.0,1.0,6.0,3.0,2.0,1.0,2.0,3.0,1.0,1.0,3.0,2.0,3.0,4.0,2.0,1.0,3.0,4.0,1.0,
14,31.0,7582.0,3.0,1.0,48.0,1.0,2.0,2.0,2.0,4.0,1.0,1.0,3.0,2.0,3.0,4.0,4.0,10.0,2.0,2.0,2.0,
554,40.0,894.0,2.0,1.0,10.0,4.0,2.0,2.0,4.0,3.0,1.0,1.0,3.0,2.0,2.0,3.0,2.0,8.0,5.0,4.0,2.0,
285,29.0,3357.0,2.0,1.0,21.0,2.0,2.0,2.0,4.0,3.0,1.0,1.0,1.0,2.0,2.0,2.0,3.0,3.0,4.0,1.0,1.0,
679,35.0,2728.0,4.0,1.0,15.0,4.0,2.0,2.0,4.0,3.0,3.0,3.0,1.0,2.0,3.0,2.0,1.0,3.0,5.0,2.0,2.0,
478,25.0,3105.0,2.0,1.0,24.0,2.0,2.0,2.0,4.0,3.0,2.0,1.0,3.0,2.0,3.0,2.0,3.0,3.0,5.0,4.0,1.0,
392,66.0,1480.0,4.0,1.0,12.0,1.0,2.0,3.0,2.0,1.0,3.0,1.0,1.0,2.0,3.0,4.0,4.0,0.0,3.0,3.0,1.0,
180,37.0,12749.0,3.0,1.0,48.0,4.0,2.0,2.0,4.0,4.0,1.0,1.0,3.0,2.0,3.0,1.0,3.0,3.0,3.0,4.0,2.0,
353,46.0,7629.0,4.0,1.0,48.0,5.0,2.0,2.0,4.0,4.0,2.0,1.0,1.0,1.0,1.0,2.0,3.0,9.0,5.0,4.0,1.0,
680,28.0,484.0,2.0,1.0,6.0,4.0,2.0,2.0,3.0,2.0,1.0,3.0,1.0,2.0,4.0,3.0,1.0,3.0,1.0,2.0,1.0,
115,35.0,3976.0,2.0,1.0,21.0,4.0,2.0,2.0,2.0,3.0,1.0,1.0,3.0,2.0,3.0,3.0,3.0,2.0,5.0,2.0,2.0,
445,56.0,618.0,4.0,1.0,12.0,5.0,2.0,2.0,4.0,3.0,1.0,1.0,3.0,2.0,3.0,4.0,1.0,3.0,1.0,4.0,1.0,
930,25.0,14421.0,0.0,0.0,48.0,3.0,2.0,2.0,2.0,3.0,1.0,1.0,2.0,2.0,3.0,2.0,3.0,9.0,1.0,2.0,2.0,
753,32.0,1136.0,4.0,0.0,9.0,5.0,2.0,3.0,4.0,3.0,2.0,1.0,3.0,1.0,3.0,3.0,4.0,6.0,4.0,2.0,1.0,
467,30.0,2028.0,2.0,1.0,12.0,3.0,2.0,2.0,4.0,3.0,1.0,1.0,3.0,2.0,3.0,2.0,3.0,1.0,5.0,2.0,1.0,
202,40.0,7824.0,1.0,1.0,28.0,2.0,2.0,1.0,3.0,3.0,2.0,3.0,1.0,1.0,3.0,4.0,1.0,1.0,5.0,4.0,2.0,
671,23.0,2101.0,2.0,1.0,13.0,2.0,2.0,2.0,2.0,2.0,1.0,3.0,3.0,2.0,2.0,4.0,2.0,3.0,1.0,2.0,1.0,
440,40.0,3590.0,4.0,1.0,18.0,1.0,2.0,2.0,3.0,1.0,3.0,1.0,3.0,1.0,4.0,3.0,3.0,9.0,1.0,2.0,2.0,
655,38.0,6681.0,3.0,1.0,48.0,3.0,2.0,3.0,4.0,3.0,1.0,1.0,3.0,1.0,3.0,4.0,4.0,9.0,5.0,2.0,2.0,
652,38.0,368.0,2.0,1.0,6.0,5.0,2.0,2.0,4.0,3.0,1.0,1.0,3.0,2.0,3.0,4.0,2.0,3.0,5.0,2.0,1.0,
172,24.0,1228.0,2.0,0.0,12.0,3.0,2.0,2.0,4.0,2.0,1.0,1.0,3.0,2.0,2.0,2.0,1.0,0.0,1.0,1.0,1.0,
982,28.0,2169.0,3.0,0.0,18.0,3.0,2.0,2.0,4.0,3.0,1.0,1.0,3.0,2.0,4.0,2.0,3.0,9.0,1.0,4.0,2.0,
434,28.0,1887.0,4.0,1.0,18.0,3.0,2.0,2.0,4.0,3.0,2.0,1.0,1.0,2.0,4.0,4.0,1.0,9.0,5.0,2.0,1.0,
955,26.0,609.0,1.0,0.0,12.0,2.0,2.0,2.0,4.0,1.0,1.0,1.0,1.0,2.0,2.0,1.0,1.0,9.0,1.0,3.0,1.0,
130,36.0,2872.0,4.0,1.0,24.0,5.0,2.0,2.0,3.0,3.0,1.0,1.0,3.0,1.0,3.0,4.0,1.0,3.0,2.0,4.0,2.0,
329,32.0,2662.0,2.0,1.0,18.0,4.0,1.0,2.0,4.0,3.0,1.0,1.0,3.0,2.0,3.0,3.0,2.0,0.0,5.0,4.0,1.0,
573,30.0,7966.0,2.0,1.0,26.0,2.0,2.0,2.0,2.0,3.0,2.0,1.0,3.0,2.0,3.0,3.0,3.0,1.0,1.0,2.0,1.0,
984,25.0,1882.0,2.0,0.0,18.0,3.0,2.0,1.0,4.0,3.0,2.0,1.0,1.0,2.0,2.0,4.0,3.0,3.0,1.0,1.0,1.0,
653,38.0,754.0,2.0,1.0,12.0,5.0,2.0,2.0,4.0,3.0,2.0,1.0,3.0,2.0,3.0,4.0,2.0,8.0,5.0,2.0,1.0,
213,22.0,2483.0,1.0,1.0,24.0,3.0,2.0,2.0,4.0,3.0,1.0,1.0,2.0,2.0,3.0,4.0,1.0,2.0,3.0,1.0,2.0,
347,46.0,727.0,2.0,1.0,10.0,5.0,2.0,3.0,4.0,3.0,1.0,1.0,3.0,2.0,3.0,4.0,4.0,6.0,3.0,4.0,2.0,
796,61.0,1953.0,0.0,0.0,36.0,5.0,2.0,3.0,4.0,4.0,1.0,1.0,3.0,2.0,3.0,4.0,4.0,9.0,1.0,2.0,2.0,
233,45.0,8588.0,2.0,1.0,39.0,5.0,2.0,2.0,4.0,4.0,1.0,1.0,3.0,2.0,3.0,2.0,3.0,1.0,2.0,4.0,2.0,
840,26.0,1386.0,2.0,0.0,12.0,3.0,2.0,2.0,2.0,3.0,1.0,1.0,3.0,2.0,2.0,2.0,2.0,0.0,3.0,4.0,1.0,
198,28.0,1817.0,4.0,1.0,18.0,3.0,2.0,2.0,4.0,3.0,2.0,1.0,3.0,2.0,2.0,2.0,4.0,2.0,1.0,4.0,1.0,
714,41.0,1244.0,4.0,1.0,9.0,5.0,2.0,1.0,4.0,2.0,2.0,1.0,3.0,2.0,2.0,4.0,2.0,6.0,5.0,4.0,1.0,
763,29.0,5003.0,0.0,0.0,21.0,3.0,2.0,2.0,1.0,3.0,2.0,1.0,1.0,2.0,2.0,4.0,2.0,0.0,5.0,4.0,2.0,
249,25.0,2631.0,2.0,1.0,15.0,3.0,2.0,2.0,3.0,2.0,1.0,1.0,3.0,2.0,2.0,2.0,1.0,5.0,2.0,2.0,1.0,
556,26.0,2764.0,3.0,1.0,33.0,3.0,2.0,2.0,2.0,3.0,2.0,1.0,3.0,2.0,2.0,2.0,3.0,9.0,1.0,4.0,2.0,
139,39.0,932.0,4.0,1.0,6.0,4.0,2.0,2.0,1.0,2.0,2.0,1.0,3.0,2.0,2.0,3.0,2.0,8.0,5.0,2.0,1.0,
2,36.0,2799.0,4.0,1.0,9.0,3.0,2.0,1.0,2.0,3.0,2.0,1.0,3.0,1.0,3.0,2.0,1.0,0.0,1.0,1.0,1.0,
841,40.0,1977.0,2.0,0.0,36.0,5.0,2.0,2.0,4.0,4.0,1.0,1.0,3.0,2.0,3.0,4.0,4.0,6.0,5.0,1.0,2.0,
712,65.0,3394.0,4.0,1.0,42.0,1.0,2.0,2.0,4.0,1.0,2.0,2.0,3.0,2.0,3.0,4.0,3.0,5.0,1.0,1.0,1.0,
277,54.0,3568.0,2.0,1.0,15.0,5.0,2.0,1.0,4.0,4.0,1.0,1.0,1.0,2.0,2.0,2.0,3.0,3.0,1.0,4.0,2.0,
125,47.0,1213.0,2.0,1.0,15.0,5.0,2.0,2.0,4.0,3.0,1.0,1.0,2.0,2.0,3.0,3.0,2.0,3.0,3.0,4.0,2.0,
365,37.0,2279.0,2.0,1.0,12.0,3.0,2.0,3.0,4.0,3.0,1.0,1.0,3.0,2.0,3.0,4.0,4.0,3.0,5.0,4.0,2.0,
885,28.0,2631.0,2.0,0.0,15.0,3.0,2.0,1.0,2.0,3.0,2.0,1.0,3.0,2.0,2.0,4.0,3.0,0.0,2.0,2.0,2.0,
818,26.0,759.0,2.0,0.0,12.0,4.0,2.0,2.0,4.0,3.0,1.0,1.0,3.0,2.0,3.0,2.0,1.0,0.0,1.0,1.0,1.0,
493,31.0,3104.0,0.0,1.0,18.0,4.0,2.0,2.0,3.0,3.0,1.0,1.0,1.0,2.0,3.0,1.0,2.0,9.0,1.0,1.0,2.0,
638,28.0,1797.0,4.0,1.0,13.0,2.0,2.0,2.0,3.0,2.0,2.0,1.0,1.0,2.0,3.0,1.0,2.0,9.0,1.0,1.0,1.0,
48,30.0,1864.0,4.0,0.0,18.0,3.0,2.0,2.0,4.0,3.0,2.0,1.0,3.0,2.0,2.0,2.0,1.0,6.0,2.0,4.0,1.0,
274,53.0,2835.0,2.0,1.0,24.0,5.0,2.0,2.0,3.0,3.0,1.0,1.0,3.0,2.0,3.0,4.0,2.0,2.0,3.0,4.0,1.0,
936,33.0,2235.0,4.0,0.0,20.0,3.0,1.0,1.0,4.0,3.0,2.0,3.0,1.0,2.0,4.0,2.0,2.0,0.0,1.0,1.0,1.0,
804,33.0,1042.0,2.0,0.0,18.0,3.0,2.0,2.0,4.0,3.0,1.0,1.0,3.0,2.0,2.0,2.0,2.0,0.0,5.0,2.0,1.0,
470,47.0,1393.0,2.0,1.0,12.0,5.0,2.0,2.0,4.0,3.0,3.0,1.0,1.0,1.0,3.0,4.0,2.0,6.0,1.0,4.0,2.0,
68,28.0,2284.0,2.0,1.0,24.0,4.0,2.0,2.0,4.0,3.0,1.0,1.0,3.0,2.0,3.0,2.0,3.0,3.0,1.0,4.0,2.0,
64,45.0,10875.0,3.0,1.0,36.0,5.0,2.0,2.0,2.0,3.0,2.0,1.0,3.0,1.0,3.0,2.0,3.0,0.0,1.0,4.0,2.0,
597,38.0,708.0,2.0,1.0,12.0,3.0,2.0,2.0,2.0,2.0,1.0,3.0,3.0,1.0,3.0,3.0,2.0,2.0,1.0,1.0,1.0,
161,35.0,1291.0,4.0,1.0,12.0,3.0,2.0,2.0,4.0,3.0,2.0,1.0,3.0,2.0,2.0,2.0,2.0,3.0,1.0,4.0,1.0,
331,33.0,1927.0,4.0,1.0,24.0,3.0,2.0,2.0,3.0,3.0,2.0,1.0,3.0,2.0,2.0,2.0,3.0,6.0,5.0,4.0,2.0,
675,26.0,625.0,2.0,1.0,12.0,2.0,2.0,2.0,4.0,2.0,1.0,3.0,1.0,2.0,4.0,1.0,1.0,3.0,1.0,2.0,1.0,
472,25.0,999.0,2.0,1.0,24.0,5.0,2.0,2.0,4.0,3.0,2.0,1.0,3.0,2.0,3.0,2.0,3.0,3.0,5.0,4.0,1.0,
29,29.0,3556.0,2.0,1.0,15.0,3.0,2.0,2.0,3.0,3.0,1.0,1.0,3.0,2.0,3.0,2.0,4.0,0.0,5.0,4.0,1.0,
517,36.0,6967.0,3.0,1.0,24.0,4.0,2.0,1.0,4.0,4.0,1.0,1.0,3.0,2.0,3.0,4.0,3.0,9.0,2.0,2.0,2.0,
144,31.0,2406.0,4.0,1.0,9.0,1.0,2.0,2.0,2.0,4.0,1.0,1.0,3.0,2.0,3.0,3.0,3.0,2.0,1.0,4.0,1.0,
174,32.0,1552.0,2.0,1.0,24.0,4.0,2.0,2.0,3.0,3.0,1.0,1.0,1.0,1.0,3.0,1.0,3.0,3.0,1.0,4.0,1.0,
427,32.0,11760.0,3.0,1.0,39.0,4.0,2.0,1.0,2.0,3.0,1.0,1.0,3.0,2.0,3.0,3.0,4.0,6.0,2.0,2.0,2.0,
152,29.0,2171.0,2.0,1.0,12.0,2.0,2.0,2.0,2.0,3.0,1.0,1.0,1.0,2.0,2.0,2.0,3.0,3.0,1.0,4.0,1.0,
530,25.0,2238.0,4.0,1.0,18.0,3.0,2.0,2.0,2.0,3.0,2.0,1.0,3.0,2.0,2.0,1.0,3.0,3.0,1.0,4.0,1.0,
888,25.0,8065.0,4.0,0.0,36.0,3.0,2.0,2.0,3.0,4.0,2.0,1.0,3.0,2.0,2.0,2.0,4.0,6.0,1.0,1.0,2.0,
661,33.0,1414.0,2.0,1.0,8.0,3.0,1.0,2.0,4.0,3.0,1.0,3.0,3.0,2.0,3.0,2.0,1.0,3.0,1.0,2.0,1.0,
317,40.0,1559.0,1.0,1.0,24.0,4.0,2.0,2.0,4.0,3.0,1.0,1.0,1.0,2.0,3.0,4.0,3.0,9.0,1.0,4.0,2.0,
382,26.0,3599.0,2.0,1.0,21.0,4.0,2.0,1.0,1.0,2.0,1.0,1.0,3.0,2.0,2.0,4.0,3.0,2.0,1.0,1.0,1.0,
931,30.0,1056.0,4.0,0.0,18.0,5.0,2.0,2.0,3.0,3.0,2.0,3.0,3.0,2.0,3.0,3.0,1.0,0.0,1.0,2.0,1.0,
823,32.0,1938.0,2.0,0.0,24.0,2.0,2.0,2.0,4.0,3.0,1.0,1.0,3.0,2.0,1.0,3.0,2.0,3.0,1.0,1.0,1.0,
489,26.0,1076.0,2.0,1.0,12.0,3.0,2.0,2.0,2.0,3.0,1.0,1.0,3.0,2.0,4.0,2.0,1.0,9.0,1.0,4.0,2.0,
351,26.0,2069.0,4.0,1.0,10.0,3.0,1.0,2.0,2.0,3.0,2.0,1.0,3.0,2.0,4.0,1.0,3.0,2.0,5.0,4.0,1.0,
632,45.0,7882.0,2.0,1.0,42.0,4.0,2.0,3.0,2.0,3.0,1.0,3.0,3.0,1.0,3.0,4.0,2.0,2.0,1.0,1.0,1.0,
837,36.0,4165.0,0.0,0.0,18.0,3.0,2.0,2.0,2.0,3.0,2.0,1.0,2.0,1.0,3.0,2.0,3.0,9.0,1.0,4.0,1.0,
536,20.0,1967.0,2.0,1.0,24.0,5.0,2.0,2.0,4.0,3.0,1.0,1.0,3.0,2.0,2.0,4.0,3.0,3.0,1.0,2.0,2.0,
903,57.0,2225.0,3.0,0.0,36.0,5.0,2.0,3.0,4.0,3.0,2.0,1.0,1.0,2.0,3.0,4.0,4.0,0.0,1.0,2.0,2.0,
400,32.0,6078.0,2.0,1.0,12.0,4.0,2.0,2.0,2.0,3.0,1.0,1.0,3.0,2.0,3.0,2.0,3.0,0.0,1.0,2.0,1.0,
153,35.0,8858.0,4.0,1.0,48.0,4.0,2.0,3.0,2.0,3.0,2.0,1.0,3.0,2.0,3.0,1.0,4.0,1.0,5.0,4.0,2.0,
374,27.0,343.0,2.0,1.0,6.0,2.0,2.0,2.0,4.0,3.0,1.0,1.0,3.0,2.0,2.0,1.0,1.0,4.0,1.0,1.0,1.0,
322,28.0,2073.0,2.0,1.0,12.0,3.0,2.0,2.0,4.0,3.0,1.0,2.0,3.0,2.0,2.0,2.0,1.0,3.0,2.0,4.0,1.0,
736,62.0,1338.0,2.0,1.0,6.0,3.0,2.0,2.0,1.0,3.0,1.0,1.0,3.0,2.0,1.0,4.0,1.0,4.0,3.0,4.0,1.0,
844,29.0,11328.0,2.0,0.0,24.0,3.0,2.0,2.0,2.0,4.0,2.0,2.0,1.0,2.0,3.0,3.0,3.0,10.0,1.0,2.0,2.0,
543,37.0,1922.0,2.0,0.0,12.0,3.0,2.0,2.0,4.0,2.0,1.0,1.0,3.0,2.0,3.0,2.0,2.0,2.0,1.0,2.0,1.0,
360,59.0,5045.0,4.0,1.0,15.0,5.0,2.0,2.0,1.0,3.0,1.0,1.0,3.0,2.0,2.0,4.0,3.0,0.0,5.0,4.0,2.0,
599,39.0,2522.0,2.0,1.0,30.0,5.0,2.0,2.0,1.0,3.0,1.0,3.0,3.0,1.0,3.0,3.0,2.0,3.0,1.0,1.0,1.0,
969,23.0,1845.0,2.0,0.0,45.0,3.0,2.0,3.0,4.0,3.0,1.0,1.0,3.0,2.0,3.0,4.0,4.0,3.0,1.0,1.0,2.0,
194,54.0,2255.0,2.0,1.0,24.0,2.0,2.0,2.0,4.0,3.0,1.0,1.0,3.0,2.0,3.0,1.0,2.0,0.0,5.0,4.0,1.0,
740,31.0,6148.0,0.0,1.0,20.0,5.0,2.0,2.0,3.0,3.0,2.0,1.0,1.0,2.0,4.0,4.0,3.0,1.0,2.0,2.0,2.0,
474,33.0,2186.0,2.0,1.0,15.0,4.0,2.0,1.0,1.0,2.0,1.0,1.0,1.0,2.0,2.0,4.0,1.0,2.0,5.0,4.0,1.0,
291,37.0,3565.0,4.0,1.0,12.0,2.0,2.0,2.0,2.0,2.0,2.0,1.0,3.0,1.0,3.0,1.0,2.0,6.0,5.0,4.0,1.0,
375,34.0,1591.0,3.0,1.0,21.0,4.0,2.0,2.0,4.0,4.0,2.0,1.0,3.0,2.0,3.0,3.0,1.0,2.0,2.0,4.0,1.0,
342,22.0,3632.0,1.0,1.0,24.0,3.0,1.0,1.0,1.0,3.0,1.0,3.0,1.0,2.0,2.0,4.0,3.0,1.0,1.0,1.0,1.0,
579,23.0,4281.0,4.0,0.0,33.0,3.0,2.0,2.0,1.0,3.0,2.0,1.0,3.0,2.0,2.0,4.0,3.0,2.0,3.0,1.0,1.0,
952,28.0,939.0,4.0,0.0,12.0,4.0,2.0,2.0,4.0,3.0,3.0,1.0,3.0,2.0,4.0,2.0,1.0,0.0,3.0,3.0,2.0,
558,33.0,1474.0,2.0,1.0,12.0,2.0,2.0,2.0,4.0,4.0,1.0,1.0,1.0,2.0,2.0,1.0,2.0,2.0,1.0,3.0,2.0,
593,23.0,6229.0,4.0,0.0,36.0,2.0,2.0,1.0,4.0,2.0,2.0,2.0,3.0,2.0,2.0,4.0,4.0,2.0,1.0,1.0,2.0,
250,26.0,5248.0,2.0,1.0,21.0,3.0,2.0,2.0,1.0,3.0,1.0,1.0,3.0,2.0,3.0,3.0,3.0,1.0,5.0,4.0,1.0,
339,32.0,2848.0,2.0,1.0,10.0,3.0,2.0,2.0,1.0,3.0,1.0,2.0,3.0,1.0,3.0,2.0,1.0,1.0,2.0,4.0,1.0,
206,33.0,4439.0,2.0,1.0,18.0,5.0,2.0,2.0,1.0,4.0,1.0,2.0,1.0,2.0,3.0,1.0,1.0,9.0,1.0,2.0,2.0,
994,33.0,3966.0,4.0,0.0,18.0,5.0,2.0,1.0,1.0,3.0,3.0,1.0,1.0,2.0,2.0,4.0,1.0,0.0,1.0,1.0,2.0,
754,28.0,4113.0,2.0,0.0,24.0,2.0,2.0,1.0,3.0,3.0,1.0,1.0,3.0,2.0,2.0,4.0,3.0,1.0,3.0,2.0,1.0,
325,31.0,1546.0,2.0,1.0,10.0,3.0,1.0,2.0,3.0,2.0,1.0,1.0,3.0,1.0,3.0,2.0,1.0,0.0,1.0,4.0,1.0,
549,22.0,1007.0,2.0,1.0,12.0,3.0,2.0,2.0,4.0,3.0,1.0,1.0,3.0,2.0,4.0,1.0,1.0,0.0,4.0,2.0,1.0,
981,22.0,2039.0,2.0,0.0,24.0,2.0,2.0,2.0,1.0,3.0,1.0,1.0,3.0,2.0,4.0,1.0,2.0,3.0,1.0,2.0,2.0,
402,39.0,1037.0,2.0,1.0,12.0,4.0,2.0,2.0,3.0,2.0,1.0,1.0,3.0,2.0,3.0,4.0,1.0,9.0,2.0,2.0,1.0,
783,57.0,14318.0,2.0,0.0,36.0,5.0,2.0,3.0,4.0,4.0,1.0,1.0,3.0,2.0,3.0,2.0,4.0,0.0,1.0,2.0,2.0,
452,39.0,2212.0,2.0,1.0,20.0,4.0,2.0,2.0,4.0,3.0,1.0,1.0,3.0,2.0,3.0,4.0,3.0,2.0,5.0,1.0,2.0,
155,26.0,1158.0,2.0,1.0,12.0,3.0,2.0,2.0,3.0,3.0,1.0,1.0,3.0,2.0,1.0,1.0,3.0,3.0,3.0,2.0,2.0,
98,30.0,4455.0,3.0,0.0,36.0,3.0,2.0,2.0,2.0,4.0,2.0,1.0,2.0,2.0,1.0,2.0,1.0,9.0,1.0,2.0,2.0,
362,22.0,1858.0,2.0,1.0,12.0,2.0,2.0,1.0,4.0,3.0,1.0,1.0,3.0,2.0,2.0,1.0,3.0,2.0,1.0,1.0,1.0,
719,27.0,1924.0,2.0,0.0,18.0,2.0,2.0,1.0,4.0,3.0,1.0,1.0,3.0,2.0,2.0,3.0,1.0,2.0,5.0,2.0,1.0,
165,23.0,392.0,2.0,1.0,15.0,2.0,2.0,1.0,4.0,3.0,1.0,1.0,3.0,2.0,2.0,4.0,2.0,6.0,1.0,3.0,2.0,
730,27.0,9157.0,3.0,1.0,60.0,3.0,2.0,3.0,2.0,4.0,1.0,1.0,3.0,2.0,3.0,2.0,4.0,3.0,5.0,2.0,1.0,
725,27.0,4020.0,2.0,1.0,24.0,3.0,2.0,2.0,2.0,3.0,1.0,1.0,2.0,2.0,3.0,2.0,3.0,2.0,1.0,1.0,1.0,
615,29.0,6579.0,2.0,1.0,24.0,1.0,2.0,3.0,4.0,4.0,1.0,1.0,3.0,2.0,3.0,2.0,4.0,1.0,1.0,1.0,2.0,
866,39.0,1271.0,4.0,0.0,15.0,3.0,2.0,3.0,3.0,3.0,2.0,1.0,3.0,2.0,3.0,4.0,4.0,3.0,5.0,3.0,2.0,
425,46.0,1829.0,4.0,1.0,15.0,5.0,2.0,2.0,4.0,3.0,2.0,1.0,3.0,2.0,3.0,4.0,3.0,3.0,1.0,4.0,2.0,
78,60.0,1940.0,4.0,1.0,24.0,5.0,2.0,2.0,4.0,3.0,1.0,1.0,3.0,2.0,3.0,4.0,1.0,0.0,4.0,4.0,2.0,
436,36.0,846.0,3.0,1.0,7.0,5.0,2.0,3.0,3.0,3.0,1.0,1.0,3.0,2.0,3.0,4.0,4.0,3.0,5.0,4.0,1.0,
634,30.0,3959.0,2.0,1.0,36.0,1.0,2.0,2.0,4.0,4.0,1.0,1.0,3.0,2.0,3.0,3.0,2.0,2.0,1.0,1.0,2.0,
261,27.0,2708.0,2.0,1.0,15.0,2.0,2.0,2.0,2.0,2.0,2.0,1.0,1.0,2.0,3.0,3.0,2.0,2.0,1.0,4.0,1.0,
100,41.0,5954.0,4.0,1.0,42.0,4.0,2.0,2.0,2.0,2.0,2.0,1.0,1.0,2.0,2.0,1.0,1.0,9.0,1.0,2.0,1.0,
496,26.0,1311.0,2.0,1.0,24.0,4.0,2.0,2.0,4.0,3.0,1.0,1.0,3.0,2.0,4.0,3.0,2.0,3.0,2.0,4.0,2.0,
959,26.0,4280.0,0.0,0.0,30.0,3.0,2.0,1.0,4.0,2.0,2.0,1.0,3.0,2.0,2.0,4.0,3.0,9.0,2.0,2.0,1.0,
199,35.0,2141.0,2.0,1.0,12.0,4.0,2.0,2.0,3.0,3.0,1.0,1.0,3.0,2.0,3.0,1.0,4.0,3.0,2.0,4.0,1.0,
15,23.0,1936.0,2.0,1.0,18.0,4.0,2.0,1.0,2.0,2.0,2.0,1.0,3.0,2.0,4.0,4.0,3.0,3.0,5.0,1.0,1.0,
299,19.0,983.0,2.0,1.0,12.0,2.0,2.0,1.0,1.0,2.0,1.0,1.0,3.0,2.0,2.0,4.0,1.0,2.0,4.0,2.0,1.0,
767,25.0,4933.0,4.0,0.0,39.0,4.0,2.0,2.0,2.0,3.0,2.0,3.0,3.0,2.0,3.0,2.0,1.0,3.0,1.0,2.0,1.0,
812,36.0,7297.0,2.0,0.0,60.0,5.0,2.0,1.0,4.0,3.0,1.0,2.0,3.0,2.0,3.0,4.0,4.0,9.0,1.0,1.0,1.0,
486,27.0,1185.0,4.0,1.0,12.0,3.0,2.0,2.0,3.0,3.0,2.0,1.0,3.0,2.0,2.0,2.0,1.0,9.0,1.0,4.0,1.0,
572,35.0,9055.0,2.0,1.0,36.0,3.0,2.0,3.0,2.0,2.0,1.0,1.0,3.0,1.0,3.0,4.0,4.0,6.0,5.0,4.0,2.0,
968,26.0,1345.0,2.0,0.0,18.0,3.0,2.0,2.0,4.0,3.0,1.0,1.0,3.0,2.0,4.0,3.0,1.0,3.0,1.0,1.0,1.0,
414,44.0,2375.0,3.0,1.0,24.0,3.0,2.0,2.0,4.0,3.0,2.0,1.0,3.0,1.0,3.0,2.0,3.0,9.0,3.0,4.0,2.0,
450,66.0,790.0,2.0,1.0,9.0,3.0,2.0,2.0,4.0,2.0,1.0,1.0,3.0,2.0,2.0,3.0,1.0,3.0,3.0,2.0,1.0,
119,52.0,936.0,4.0,1.0,9.0,5.0,2.0,2.0,4.0,3.0,2.0,1.0,3.0,2.0,3.0,2.0,3.0,6.0,3.0,4.0,2.0,
751,30.0,2862.0,3.0,1.0,36.0,5.0,2.0,3.0,4.0,3.0,1.0,1.0,3.0,2.0,3.0,3.0,4.0,0.0,2.0,2.0,1.0,
279,28.0,3660.0,2.0,1.0,24.0,3.0,2.0,2.0,2.0,3.0,1.0,1.0,3.0,2.0,2.0,4.0,3.0,3.0,1.0,1.0,1.0,
518,37.0,1819.0,2.0,0.0,36.0,3.0,2.0,3.0,4.0,3.0,1.0,1.0,2.0,2.0,3.0,4.0,4.0,6.0,1.0,4.0,2.0,
950,33.0,797.0,4.0,0.0,12.0,5.0,2.0,2.0,4.0,2.0,1.0,1.0,3.0,1.0,2.0,3.0,2.0,3.0,5.0,4.0,1.0,
872,25.0,7855.0,4.0,0.0,36.0,3.0,2.0,2.0,4.0,3.0,2.0,1.0,2.0,2.0,2.0,2.0,1.0,0.0,1.0,4.0,2.0,
999,52.0,6468.0,2.0,0.0,12.0,1.0,2.0,2.0,2.0,4.0,1.0,1.0,3.0,2.0,3.0,1.0,4.0,3.0,5.0,2.0,2.0,
35,36.0,1721.0,2.0,1.0,15.0,2.0,2.0,2.0,2.0,3.0,1.0,1.0,3.0,2.0,3.0,3.0,1.0,0.0,1.0,1.0,1.0,
312,38.0,2751.0,4.0,1.0,48.0,5.0,2.0,2.0,4.0,3.0,2.0,1.0,3.0,1.0,3.0,3.0,3.0,1.0,5.0,4.0,2.0,
807,28.0,2278.0,0.0,0.0,18.0,2.0,2.0,2.0,3.0,3.0,2.0,1.0,3.0,2.0,2.0,3.0,3.0,0.0,2.0,2.0,1.0,
784,24.0,433.0,1.0,0.0,6.0,2.0,2.0,1.0,4.0,3.0,1.0,1.0,1.0,1.0,2.0,2.0,2.0,6.0,4.0,2.0,1.0,
779,33.0,1245.0,4.0,0.0,18.0,3.0,2.0,2.0,4.0,3.0,1.0,1.0,3.0,2.0,4.0,2.0,3.0,3.0,1.0,2.0,1.0,
242,42.0,10366.0,2.0,1.0,60.0,5.0,2.0,2.0,2.0,4.0,1.0,1.0,3.0,2.0,3.0,4.0,2.0,0.0,1.0,4.0,2.0,
269,22.0,1258.0,4.0,1.0,12.0,2.0,2.0,1.0,2.0,2.0,2.0,1.0,3.0,2.0,2.0,4.0,2.0,2.0,1.0,4.0,1.0,
589,25.0,3509.0,2.0,1.0,18.0,4.0,2.0,2.0,4.0,3.0,1.0,3.0,3.0,2.0,2.0,1.0,1.0,3.0,1.0,1.0,1.0,
184,33.0,2831.0,4.0,1.0,30.0,3.0,2.0,2.0,4.0,3.0,1.0,1.0,3.0,2.0,2.0,2.0,3.0,3.0,1.0,4.0,2.0,
877,28.0,5234.0,4.0,0.0,30.0,1.0,2.0,2.0,4.0,4.0,2.0,1.0,3.0,2.0,4.0,2.0,3.0,0.0,1.0,2.0,1.0,
643,44.0,6419.0,4.0,1.0,24.0,5.0,2.0,3.0,2.0,4.0,2.0,1.0,3.0,1.0,2.0,4.0,4.0,1.0,1.0,1.0,2.0,
162,36.0,1275.0,4.0,1.0,24.0,3.0,2.0,2.0,2.0,3.0,2.0,1.0,3.0,2.0,1.0,4.0,1.0,9.0,4.0,3.0,2.0,
296,30.0,8133.0,2.0,1.0,36.0,3.0,2.0,2.0,1.0,3.0,1.0,1.0,1.0,2.0,2.0,2.0,2.0,1.0,1.0,4.0,1.0,
79,30.0,1602.0,4.0,1.0,21.0,5.0,2.0,2.0,4.0,3.0,2.0,1.0,3.0,2.0,4.0,3.0,3.0,0.0,1.0,1.0,2.0,
809,39.0,3345.0,2.0,0.0,24.0,5.0,2.0,1.0,4.0,4.0,1.0,1.0,3.0,2.0,3.0,2.0,2.0,2.0,1.0,1.0,2.0,
553,27.0,1101.0,2.0,1.0,12.0,3.0,2.0,2.0,3.0,3.0,2.0,1.0,3.0,2.0,4.0,2.0,1.0,0.0,1.0,4.0,2.0,
801,35.0,1381.0,2.0,0.0,24.0,3.0,2.0,2.0,4.0,3.0,1.0,1.0,3.0,2.0,2.0,2.0,2.0,0.0,5.0,1.0,1.0,
602,30.0,2028.0,4.0,1.0,24.0,4.0,2.0,2.0,2.0,2.0,2.0,1.0,3.0,2.0,3.0,2.0,2.0,2.0,1.0,4.0,1.0,
461,60.0,6468.0,2.0,1.0,20.0,1.0,2.0,2.0,1.0,4.0,1.0,1.0,3.0,2.0,1.0,4.0,1.0,1.0,5.0,2.0,2.0,
691,21.0,10144.0,2.0,1.0,60.0,4.0,2.0,2.0,2.0,3.0,1.0,1.0,3.0,2.0,2.0,4.0,1.0,3.0,2.0,4.0,2.0,
456,27.0,7418.0,3.0,1.0,60.0,3.0,2.0,2.0,1.0,2.0,1.0,1.0,3.0,2.0,3.0,1.0,1.0,3.0,5.0,2.0,1.0,
972,42.0,8318.0,0.0,0.0,27.0,5.0,2.0,3.0,2.0,4.0,2.0,1.0,2.0,2.0,2.0,4.0,4.0,9.0,1.0,2.0,2.0,
259,52.0,2315.0,2.0,1.0,10.0,5.0,2.0,2.0,3.0,2.0,1.0,1.0,3.0,2.0,3.0,4.0,1.0,3.0,1.0,1.0,1.0,
90,42.0,1965.0,3.0,1.0,24.0,3.0,2.0,1.0,4.0,3.0,2.0,1.0,3.0,2.0,2.0,4.0,3.0,0.0,5.0,2.0,2.0,
75,37.0,3399.0,2.0,1.0,12.0,5.0,2.0,2.0,2.0,4.0,1.0,1.0,3.0,2.0,3.0,3.0,3.0,3.0,5.0,3.0,1.0,
939,23.0,1246.0,2.0,0.0,24.0,2.0,2.0,2.0,4.0,2.0,1.0,1.0,1.0,2.0,3.0,2.0,1.0,0.0,1.0,2.0,1.0,
231,36.0,1278.0,2.0,1.0,24.0,5.0,2.0,2.0,4.0,4.0,1.0,1.0,3.0,2.0,3.0,1.0,1.0,3.0,1.0,4.0,2.0,
396,25.0,1206.0,2.0,1.0,9.0,5.0,2.0,2.0,4.0,3.0,1.0,1.0,3.0,2.0,2.0,4.0,1.0,3.0,1.0,2.0,1.0,
476,27.0,937.0,2.0,1.0,24.0,2.0,2.0,2.0,4.0,2.0,2.0,1.0,3.0,2.0,4.0,3.0,3.0,8.0,1.0,4.0,1.0,
251,43.0,2899.0,3.0,1.0,18.0,5.0,2.0,2.0,4.0,3.0,1.0,1.0,3.0,1.0,3.0,4.0,3.0,0.0,5.0,2.0,1.0,
832,26.0,4463.0,3.0,0.0,36.0,3.0,2.0,2.0,4.0,4.0,2.0,1.0,3.0,2.0,3.0,2.0,3.0,3.0,1.0,4.0,2.0,
28,37.0,1154.0,4.0,1.0,9.0,5.0,2.0,2.0,2.0,2.0,3.0,1.0,3.0,2.0,3.0,4.0,1.0,3.0,1.0,2.0,1.0,
867,25.0,1295.0,2.0,0.0,12.0,2.0,2.0,1.0,3.0,3.0,1.0,1.0,3.0,2.0,2.0,1.0,3.0,0.0,1.0,2.0,1.0,
30,56.0,4796.0,4.0,1.0,42.0,5.0,2.0,3.0,4.0,3.0,1.0,1.0,3.0,2.0,3.0,4.0,4.0,1.0,1.0,3.0,1.0,
685,24.0,2214.0,2.0,1.0,12.0,3.0,2.0,2.0,4.0,2.0,1.0,1.0,3.0,2.0,3.0,3.0,2.0,3.0,1.0,1.0,1.0,
520,23.0,7127.0,4.0,0.0,36.0,2.0,2.0,1.0,2.0,3.0,2.0,1.0,3.0,2.0,2.0,4.0,2.0,2.0,1.0,4.0,2.0,
961,68.0,6761.0,2.0,0.0,18.0,3.0,2.0,1.0,2.0,3.0,2.0,1.0,2.0,2.0,3.0,4.0,3.0,0.0,5.0,4.0,1.0,
246,23.0,3488.0,2.0,1.0,24.0,4.0,2.0,2.0,3.0,3.0,1.0,1.0,3.0,2.0,2.0,4.0,3.0,1.0,2.0,4.0,1.0,
509,33.0,5150.0,4.0,1.0,24.0,5.0,2.0,2.0,4.0,3.0,1.0,1.0,3.0,2.0,3.0,4.0,3.0,2.0,1.0,4.0,2.0,
514,22.0,3832.0,2.0,1.0,30.0,2.0,2.0,2.0,2.0,3.0,1.0,1.0,3.0,2.0,4.0,1.0,2.0,2.0,1.0,2.0,1.0,
709,37.0,7685.0,1.0,0.0,48.0,4.0,2.0,1.0,2.0,3.0,1.0,3.0,3.0,2.0,2.0,4.0,3.0,9.0,1.0,1.0,1.0,
663,20.0,585.0,3.0,1.0,12.0,3.0,2.0,1.0,4.0,3.0,2.0,2.0,3.0,2.0,4.0,4.0,1.0,3.0,1.0,2.0,1.0,
391,33.0,3029.0,2.0,1.0,15.0,4.0,2.0,2.0,2.0,3.0,1.0,1.0,3.0,2.0,3.0,2.0,3.0,1.0,1.0,4.0,1.0,
281,29.0,683.0,3.0,1.0,6.0,2.0,2.0,2.0,2.0,3.0,1.0,1.0,1.0,2.0,2.0,1.0,2.0,3.0,1.0,3.0,1.0,
676,28.0,1323.0,4.0,1.0,6.0,5.0,2.0,2.0,2.0,3.0,2.0,1.0,3.0,1.0,1.0,4.0,3.0,0.0,2.0,3.0,2.0,
241,47.0,1316.0,4.0,1.0,15.0,3.0,2.0,2.0,2.0,2.0,2.0,1.0,3.0,2.0,4.0,2.0,2.0,3.0,3.0,4.0,1.0,
86,31.0,3651.0,2.0,1.0,12.0,3.0,2.0,2.0,1.0,3.0,1.0,1.0,3.0,1.0,3.0,3.0,2.0,0.0,4.0,1.0,1.0,
561,44.0,3485.0,4.0,1.0,20.0,2.0,2.0,2.0,2.0,3.0,2.0,1.0,3.0,2.0,1.0,4.0,1.0,0.0,5.0,4.0,2.0,
993,51.0,7511.0,2.0,0.0,18.0,5.0,2.0,3.0,1.0,3.0,1.0,1.0,3.0,1.0,3.0,4.0,2.0,1.0,5.0,1.0,2.0,
482,40.0,3001.0,2.0,1.0,18.0,4.0,2.0,1.0,2.0,3.0,1.0,1.0,3.0,2.0,2.0,4.0,1.0,2.0,1.0,2.0,1.0,
706,36.0,1262.0,2.0,1.0,15.0,4.0,2.0,2.0,4.0,3.0,2.0,1.0,3.0,2.0,3.0,3.0,2.0,4.0,3.0,4.0,2.0,
42,58.0,1755.0,2.0,1.0,24.0,5.0,2.0,2.0,4.0,2.0,1.0,3.0,3.0,2.0,2.0,4.0,1.0,10.0,1.0,1.0,2.0,
662,29.0,1103.0,2.0,1.0,12.0,4.0,2.0,2.0,4.0,3.0,2.0,3.0,3.0,2.0,3.0,3.0,1.0,3.0,1.0,2.0,1.0,
755,23.0,14555.0,2.0,0.0,6.0,1.0,2.0,2.0,1.0,1.0,1.0,1.0,3.0,2.0,3.0,2.0,2.0,0.0,5.0,2.0,2.0,
820,19.0,1980.0,2.0,0.0,9.0,2.0,2.0,1.0,2.0,3.0,2.0,2.0,3.0,2.0,2.0,2.0,3.0,2.0,1.0,4.0,1.0,
992,44.0,12579.0,2.0,0.0,24.0,5.0,2.0,3.0,4.0,4.0,1.0,1.0,3.0,2.0,2.0,2.0,4.0,1.0,1.0,2.0,2.0,
576,48.0,12204.0,0.0,1.0,48.0,3.0,2.0,2.0,2.0,4.0,1.0,1.0,1.0,2.0,3.0,2.0,3.0,9.0,5.0,2.0,2.0,
337,48.0,1288.0,4.0,1.0,9.0,5.0,1.0,2.0,3.0,3.0,2.0,3.0,3.0,1.0,3.0,4.0,1.0,5.0,2.0,1.0,1.0,
628,46.0,1582.0,4.0,1.0,18.0,5.0,2.0,2.0,4.0,3.0,2.0,1.0,3.0,2.0,3.0,4.0,3.0,3.0,4.0,4.0,1.0,
531,42.0,1503.0,4.0,1.0,4.0,4.0,2.0,2.0,2.0,2.0,2.0,1.0,3.0,1.0,3.0,1.0,1.0,3.0,1.0,4.0,1.0,
201,30.0,2333.0,2.0,1.0,30.0,5.0,2.0,2.0,4.0,4.0,1.0,1.0,1.0,2.0,3.0,2.0,3.0,3.0,3.0,4.0,1.0,
922,46.0,697.0,1.0,0.0,12.0,2.0,2.0,2.0,4.0,3.0,2.0,1.0,1.0,2.0,3.0,2.0,3.0,0.0,1.0,1.0,2.0,
368,31.0,1410.0,0.0,1.0,12.0,3.0,2.0,2.0,2.0,2.0,1.0,1.0,3.0,2.0,3.0,2.0,1.0,8.0,1.0,2.0,2.0,
50,26.0,1382.0,4.0,1.0,24.0,4.0,2.0,2.0,4.0,3.0,2.0,1.0,3.0,2.0,3.0,1.0,1.0,9.0,2.0,1.0,2.0,
847,30.0,1919.0,3.0,0.0,30.0,2.0,2.0,2.0,4.0,4.0,2.0,1.0,2.0,2.0,3.0,3.0,4.0,3.0,2.0,2.0,1.0,
778,44.0,3384.0,4.0,0.0,6.0,3.0,2.0,1.0,1.0,4.0,1.0,1.0,3.0,2.0,1.0,4.0,1.0,2.0,1.0,1.0,2.0,
167,25.0,5771.0,4.0,1.0,30.0,4.0,2.0,2.0,4.0,3.0,2.0,1.0,3.0,2.0,2.0,2.0,3.0,3.0,1.0,4.0,1.0,
728,39.0,1884.0,2.0,1.0,12.0,5.0,2.0,2.0,4.0,4.0,1.0,1.0,3.0,2.0,3.0,4.0,3.0,0.0,1.0,4.0,2.0,
878,31.0,6758.0,2.0,0.0,48.0,3.0,2.0,2.0,3.0,3.0,1.0,1.0,3.0,2.0,2.0,2.0,3.0,3.0,1.0,1.0,2.0,
308,26.0,783.0,1.0,1.0,6.0,3.0,2.0,2.0,1.0,2.0,1.0,3.0,2.0,1.0,3.0,2.0,1.0,0.0,5.0,4.0,1.0,
492,42.0,3331.0,4.0,1.0,12.0,5.0,2.0,2.0,2.0,3.0,1.0,1.0,2.0,2.0,3.0,4.0,2.0,2.0,1.0,4.0,1.0,
208,23.0,1444.0,2.0,1.0,15.0,2.0,2.0,2.0,4.0,3.0,1.0,1.0,3.0,2.0,3.0,1.0,2.0,3.0,5.0,2.0,1.0,
983,30.0,5096.0,4.0,0.0,48.0,3.0,2.0,2.0,2.0,4.0,1.0,1.0,3.0,2.0,2.0,3.0,3.0,2.0,1.0,2.0,2.0,
686,40.0,1585.0,4.0,1.0,24.0,4.0,2.0,2.0,4.0,3.0,2.0,1.0,3.0,2.0,3.0,3.0,2.0,2.0,1.0,4.0,1.0,
454,24.0,5743.0,4.0,1.0,24.0,2.0,2.0,3.0,2.0,3.0,2.0,1.0,3.0,2.0,2.0,4.0,4.0,6.0,1.0,2.0,2.0,
537,37.0,3380.0,4.0,1.0,4.0,4.0,2.0,2.0,1.0,3.0,1.0,1.0,3.0,1.0,2.0,1.0,1.0,0.0,1.0,4.0,1.0,
52,23.0,3919.0,2.0,1.0,36.0,3.0,2.0,2.0,2.0,3.0,1.0,1.0,3.0,2.0,3.0,2.0,1.0,3.0,1.0,3.0,2.0,
366,34.0,2759.0,0.0,1.0,12.0,5.0,2.0,2.0,2.0,3.0,2.0,1.0,3.0,2.0,3.0,4.0,2.0,2.0,1.0,4.0,1.0,
845,39.0,11938.0,4.0,0.0,24.0,3.0,2.0,2.0,2.0,4.0,2.0,2.0,3.0,1.0,3.0,3.0,3.0,10.0,1.0,2.0,2.0,
412,32.0,2978.0,3.0,1.0,24.0,3.0,2.0,2.0,4.0,3.0,2.0,1.0,3.0,1.0,3.0,4.0,1.0,9.0,5.0,4.0,2.0,
217,31.0,2901.0,2.0,1.0,10.0,2.0,2.0,1.0,1.0,3.0,1.0,1.0,3.0,2.0,2.0,4.0,1.0,1.0,5.0,4.0,1.0,
704,57.0,3622.0,2.0,1.0,30.0,5.0,2.0,1.0,4.0,3.0,2.0,1.0,3.0,2.0,2.0,4.0,2.0,2.0,4.0,1.0,2.0,
833,27.0,7980.0,3.0,0.0,36.0,2.0,2.0,1.0,4.0,3.0,2.0,1.0,3.0,2.0,3.0,4.0,3.0,9.0,5.0,4.0,2.0,
852,24.0,626.0,1.0,0.0,12.0,3.0,2.0,2.0,4.0,2.0,1.0,1.0,1.0,2.0,2.0,4.0,1.0,3.0,1.0,1.0,1.0,
598,65.0,571.0,4.0,1.0,21.0,5.0,2.0,2.0,4.0,3.0,2.0,1.0,3.0,2.0,3.0,4.0,1.0,0.0,1.0,1.0,1.0,
880,40.0,1358.0,1.0,0.0,24.0,5.0,2.0,2.0,4.0,4.0,1.0,1.0,2.0,2.0,3.0,3.0,3.0,10.0,5.0,1.0,2.0,
358,32.0,1231.0,4.0,1.0,10.0,5.0,1.0,2.0,3.0,2.0,2.0,1.0,3.0,1.0,3.0,4.0,1.0,0.0,1.0,4.0,1.0,
11,36.0,3905.0,4.0,1.0,11.0,3.0,2.0,1.0,2.0,3.0,2.0,1.0,3.0,1.0,3.0,2.0,1.0,0.0,1.0,1.0,1.0,
399,41.0,1503.0,3.0,1.0,12.0,3.0,2.0,1.0,4.0,3.0,1.0,1.0,3.0,2.0,4.0,4.0,1.0,1.0,1.0,4.0,1.0,
367,57.0,1258.0,2.0,1.0,24.0,3.0,2.0,2.0,3.0,2.0,1.0,1.0,3.0,2.0,2.0,3.0,3.0,3.0,3.0,3.0,1.0,
997,45.0,2303.0,2.0,0.0,24.0,5.0,2.0,2.0,4.0,3.0,1.0,2.0,3.0,2.0,3.0,1.0,1.0,0.0,1.0,1.0,1.0,
212,22.0,2828.0,1.0,1.0,24.0,3.0,2.0,2.0,4.0,3.0,1.0,1.0,2.0,2.0,3.0,4.0,1.0,2.0,3.0,1.0,2.0,
665,47.0,713.0,4.0,1.0,8.0,5.0,2.0,2.0,4.0,2.0,2.0,1.0,3.0,2.0,3.0,4.0,1.0,0.0,1.0,1.0,1.0,
603,75.0,1374.0,2.0,1.0,6.0,1.0,2.0,2.0,4.0,4.0,1.0,1.0,3.0,2.0,2.0,3.0,2.0,0.0,5.0,1.0,2.0,
546,26.0,907.0,2.0,1.0,8.0,2.0,2.0,2.0,3.0,3.0,1.0,1.0,3.0,2.0,4.0,2.0,1.0,9.0,1.0,2.0,2.0,
696,21.0,15653.0,3.0,1.0,60.0,4.0,2.0,2.0,2.0,3.0,2.0,1.0,3.0,2.0,3.0,4.0,3.0,3.0,1.0,4.0,2.0,
95,41.0,6361.0,4.0,1.0,18.0,5.0,2.0,2.0,2.0,3.0,1.0,1.0,3.0,2.0,3.0,1.0,4.0,2.0,1.0,2.0,2.0,
58,27.0,1053.0,2.0,1.0,15.0,2.0,1.0,2.0,4.0,3.0,1.0,1.0,3.0,2.0,4.0,2.0,1.0,3.0,1.0,1.0,1.0,
776,34.0,1842.0,2.0,0.0,36.0,2.0,2.0,2.0,4.0,3.0,1.0,1.0,3.0,2.0,2.0,4.0,3.0,0.0,1.0,1.0,2.0,
286,54.0,672.0,2.0,1.0,6.0,1.0,2.0,2.0,1.0,1.0,1.0,1.0,3.0,2.0,2.0,4.0,1.0,0.0,1.0,4.0,2.0,
446,50.0,1574.0,2.0,1.0,12.0,3.0,2.0,2.0,4.0,3.0,1.0,1.0,3.0,2.0,3.0,2.0,1.0,2.0,1.0,4.0,1.0,
789,36.0,4241.0,0.0,0.0,24.0,3.0,2.0,2.0,1.0,2.0,3.0,1.0,3.0,2.0,3.0,4.0,1.0,9.0,1.0,2.0,2.0,
750,51.0,2892.0,2.0,1.0,24.0,5.0,2.0,3.0,3.0,3.0,1.0,1.0,3.0,2.0,1.0,4.0,4.0,2.0,1.0,3.0,1.0,
856,46.0,3931.0,2.0,0.0,48.0,4.0,2.0,3.0,4.0,3.0,1.0,1.0,3.0,1.0,3.0,4.0,4.0,0.0,1.0,1.0,1.0,
310,39.0,9436.0,0.0,1.0,54.0,3.0,2.0,2.0,2.0,2.0,1.0,1.0,3.0,1.0,3.0,2.0,2.0,1.0,5.0,4.0,1.0,
916,22.0,2462.0,2.0,0.0,18.0,3.0,2.0,2.0,2.0,3.0,1.0,1.0,3.0,2.0,3.0,2.0,3.0,2.0,1.0,1.0,1.0,
230,30.0,3566.0,1.0,1.0,48.0,4.0,2.0,2.0,4.0,3.0,1.0,1.0,3.0,2.0,3.0,2.0,3.0,9.0,2.0,2.0,1.0,
700,57.0,1231.0,4.0,1.0,24.0,5.0,2.0,1.0,4.0,4.0,2.0,1.0,3.0,2.0,2.0,4.0,2.0,3.0,4.0,1.0,2.0,
219,35.0,10722.0,2.0,1.0,47.0,2.0,2.0,2.0,1.0,2.0,1.0,1.0,3.0,2.0,2.0,1.0,1.0,0.0,1.0,1.0,2.0,
889,35.0,2439.0,2.0,0.0,24.0,2.0,2.0,2.0,4.0,3.0,1.0,1.0,3.0,2.0,2.0,4.0,1.0,3.0,1.0,1.0,2.0,
426,52.0,717.0,4.0,1.0,12.0,5.0,2.0,2.0,4.0,3.0,3.0,1.0,3.0,2.0,3.0,4.0,1.0,3.0,1.0,4.0,1.0,
171,24.0,5848.0,2.0,1.0,36.0,3.0,2.0,2.0,4.0,3.0,1.0,1.0,3.0,2.0,3.0,1.0,3.0,3.0,1.0,3.0,1.0,
121,30.0,4795.0,2.0,1.0,36.0,2.0,2.0,2.0,4.0,4.0,1.0,1.0,3.0,2.0,2.0,1.0,4.0,3.0,1.0,2.0,2.0,
113,36.0,2366.0,4.0,1.0,12.0,4.0,2.0,2.0,3.0,4.0,1.0,1.0,3.0,2.0,1.0,3.0,3.0,0.0,3.0,2.0,2.0,
397,33.0,6403.0,3.0,1.0,24.0,2.0,2.0,2.0,1.0,3.0,1.0,1.0,3.0,2.0,3.0,2.0,3.0,3.0,1.0,2.0,1.0,
110,61.0,2012.0,4.0,1.0,12.0,4.0,2.0,2.0,4.0,3.0,1.0,1.0,3.0,2.0,2.0,2.0,3.0,6.0,5.0,4.0,1.0,
463,23.0,3812.0,2.0,1.0,15.0,2.0,2.0,2.0,1.0,3.0,1.0,1.0,3.0,2.0,2.0,4.0,3.0,1.0,2.0,4.0,2.0,
633,28.0,4169.0,2.0,1.0,24.0,3.0,2.0,2.0,4.0,3.0,1.0,1.0,3.0,2.0,3.0,4.0,2.0,2.0,1.0,1.0,1.0,
618,30.0,2249.0,2.0,1.0,18.0,4.0,2.0,2.0,4.0,4.0,1.0,1.0,3.0,1.0,3.0,3.0,3.0,0.0,2.0,1.0,2.0,
328,46.0,1343.0,4.0,1.0,6.0,5.0,1.0,2.0,1.0,3.0,2.0,1.0,3.0,1.0,3.0,4.0,1.0,0.0,1.0,3.0,1.0,
289,51.0,2507.0,2.0,1.0,9.0,5.0,2.0,3.0,2.0,2.0,1.0,1.0,3.0,2.0,3.0,4.0,4.0,0.0,3.0,4.0,1.0,
290,33.0,1478.0,3.0,1.0,15.0,3.0,2.0,2.0,4.0,3.0,2.0,1.0,1.0,2.0,4.0,3.0,1.0,3.0,1.0,4.0,1.0,
802,32.0,1285.0,2.0,0.0,24.0,4.0,2.0,1.0,4.0,3.0,1.0,1.0,3.0,2.0,2.0,4.0,4.0,0.0,5.0,1.0,1.0,
906,24.0,2124.0,4.0,0.0,18.0,3.0,2.0,1.0,4.0,3.0,2.0,1.0,3.0,2.0,2.0,4.0,1.0,2.0,1.0,1.0,1.0,
346,38.0,1924.0,2.0,1.0,10.0,3.0,1.0,2.0,1.0,3.0,1.0,1.0,3.0,2.0,3.0,4.0,2.0,3.0,1.0,4.0,2.0,
733,23.0,3368.0,4.0,1.0,15.0,5.0,2.0,1.0,3.0,3.0,2.0,1.0,3.0,2.0,3.0,4.0,4.0,1.0,4.0,4.0,2.0,
775,24.0,2145.0,3.0,0.0,36.0,4.0,2.0,2.0,2.0,3.0,2.0,1.0,3.0,2.0,3.0,1.0,3.0,9.0,1.0,1.0,2.0,
624,29.0,3590.0,2.0,1.0,12.0,3.0,2.0,2.0,2.0,2.0,1.0,2.0,3.0,1.0,3.0,2.0,2.0,2.0,1.0,1.0,1.0,
564,47.0,1377.0,2.0,1.0,24.0,5.0,2.0,3.0,4.0,3.0,1.0,1.0,3.0,2.0,2.0,2.0,4.0,3.0,2.0,3.0,2.0,
343,38.0,3229.0,4.0,1.0,18.0,1.0,2.0,2.0,2.0,4.0,1.0,1.0,3.0,2.0,3.0,4.0,4.0,1.0,5.0,4.0,2.0,
276,35.0,3447.0,1.0,1.0,12.0,3.0,2.0,2.0,4.0,2.0,1.0,1.0,3.0,1.0,2.0,3.0,1.0,8.0,3.0,4.0,1.0,
838,43.0,4057.0,2.0,0.0,24.0,4.0,2.0,2.0,3.0,3.0,1.0,1.0,3.0,2.0,1.0,3.0,3.0,2.0,1.0,2.0,2.0,
498,43.0,4042.0,4.0,1.0,24.0,4.0,2.0,2.0,3.0,3.0,2.0,1.0,3.0,2.0,3.0,4.0,2.0,1.0,5.0,4.0,2.0,
364,26.0,1388.0,2.0,1.0,9.0,3.0,2.0,1.0,4.0,3.0,1.0,1.0,3.0,2.0,2.0,2.0,1.0,2.0,1.0,4.0,1.0,
117,35.0,1919.0,4.0,1.0,9.0,4.0,2.0,1.0,4.0,3.0,1.0,1.0,3.0,2.0,3.0,3.0,3.0,2.0,1.0,2.0,2.0,
987,45.0,8978.0,2.0,0.0,14.0,5.0,1.0,2.0,1.0,4.0,1.0,1.0,3.0,2.0,1.0,4.0,2.0,0.0,1.0,1.0,2.0,
919,24.0,4605.0,0.0,0.0,48.0,5.0,2.0,3.0,3.0,3.0,2.0,1.0,3.0,1.0,3.0,4.0,4.0,1.0,1.0,1.0,1.0,
287,52.0,338.0,4.0,1.0,6.0,5.0,2.0,2.0,4.0,3.0,2.0,1.0,3.0,2.0,3.0,4.0,3.0,3.0,3.0,1.0,1.0,
301,45.0,339.0,1.0,1.0,12.0,5.0,2.0,2.0,4.0,2.0,1.0,1.0,1.0,2.0,4.0,1.0,3.0,8.0,1.0,1.0,1.0,
953,39.0,1188.0,2.0,0.0,21.0,5.0,2.0,2.0,2.0,3.0,1.0,1.0,3.0,1.0,2.0,4.0,2.0,9.0,1.0,2.0,1.0,
175,31.0,1963.0,2.0,1.0,12.0,4.0,2.0,1.0,4.0,4.0,2.0,1.0,3.0,1.0,3.0,2.0,3.0,3.0,1.0,4.0,2.0,
917,20.0,1282.0,2.0,0.0,12.0,3.0,2.0,1.0,2.0,3.0,1.0,1.0,3.0,2.0,2.0,4.0,3.0,2.0,1.0,1.0,1.0,
829,30.0,639.0,2.0,0.0,12.0,3.0,2.0,2.0,4.0,3.0,1.0,1.0,3.0,2.0,3.0,2.0,3.0,5.0,1.0,2.0,1.0,
65,43.0,1344.0,3.0,1.0,12.0,3.0,2.0,2.0,4.0,2.0,2.0,1.0,3.0,1.0,3.0,2.0,1.0,0.0,1.0,1.0,1.0,
330,33.0,6070.0,4.0,1.0,18.0,5.0,2.0,2.0,3.0,3.0,2.0,1.0,3.0,2.0,3.0,4.0,3.0,3.0,1.0,4.0,2.0,
813,23.0,1943.0,2.0,0.0,18.0,2.0,2.0,2.0,4.0,3.0,1.0,1.0,3.0,2.0,2.0,4.0,1.0,5.0,1.0,4.0,1.0,
239,23.0,601.0,2.0,1.0,4.0,2.0,2.0,1.0,1.0,2.0,1.0,1.0,3.0,1.0,2.0,3.0,1.0,2.0,1.0,4.0,1.0,
327,35.0,1418.0,2.0,1.0,10.0,3.0,1.0,1.0,3.0,2.0,1.0,1.0,3.0,2.0,3.0,2.0,1.0,0.0,2.0,4.0,1.0,
26,51.0,4771.0,3.0,1.0,11.0,4.0,2.0,2.0,2.0,3.0,1.0,1.0,3.0,2.0,3.0,4.0,2.0,3.0,1.0,2.0,1.0,
915,23.0,4110.0,0.0,0.0,24.0,5.0,2.0,1.0,3.0,3.0,2.0,1.0,1.0,1.0,3.0,4.0,4.0,2.0,1.0,1.0,1.0,
226,43.0,1516.0,4.0,1.0,24.0,3.0,2.0,2.0,4.0,2.0,2.0,1.0,3.0,2.0,2.0,1.0,1.0,3.0,4.0,4.0,1.0,
195,25.0,1262.0,2.0,1.0,12.0,3.0,2.0,2.0,3.0,3.0,1.0,1.0,3.0,2.0,3.0,2.0,3.0,3.0,1.0,4.0,1.0,
481,48.0,5190.0,2.0,1.0,27.0,5.0,2.0,2.0,4.0,3.0,4.0,1.0,3.0,1.0,3.0,4.0,2.0,5.0,5.0,4.0,2.0,
668,23.0,882.0,4.0,1.0,13.0,2.0,2.0,2.0,4.0,3.0,2.0,3.0,3.0,2.0,3.0,4.0,1.0,3.0,1.0,2.0,1.0,
948,53.0,7485.0,1.0,0.0,30.0,1.0,2.0,2.0,4.0,4.0,1.0,1.0,1.0,2.0,2.0,1.0,1.0,1.0,5.0,4.0,2.0,
373,29.0,7758.0,4.0,1.0,24.0,5.0,2.0,1.0,2.0,3.0,1.0,1.0,3.0,2.0,2.0,4.0,4.0,1.0,4.0,2.0,1.0,
99,25.0,2136.0,2.0,1.0,9.0,3.0,2.0,2.0,3.0,3.0,1.0,1.0,3.0,2.0,3.0,2.0,1.0,2.0,1.0,1.0,1.0,
669,25.0,866.0,2.0,1.0,18.0,3.0,2.0,2.0,4.0,2.0,1.0,3.0,3.0,2.0,4.0,2.0,1.0,3.0,1.0,2.0,1.0,
695,24.0,1768.0,2.0,1.0,12.0,3.0,2.0,1.0,3.0,2.0,1.0,1.0,3.0,2.0,3.0,2.0,1.0,2.0,1.0,4.0,1.0,
881,25.0,2473.0,2.0,0.0,18.0,1.0,2.0,2.0,4.0,1.0,1.0,1.0,3.0,2.0,3.0,1.0,3.0,2.0,1.0,1.0,1.0,
31,47.0,3017.0,4.0,1.0,30.0,5.0,2.0,2.0,4.0,3.0,1.0,1.0,3.0,2.0,3.0,4.0,2.0,3.0,1.0,3.0,1.0,
527,40.0,701.0,2.0,1.0,12.0,3.0,2.0,2.0,4.0,2.0,1.0,1.0,3.0,2.0,4.0,2.0,1.0,3.0,1.0,1.0,1.0,
895,34.0,2064.0,3.0,0.0,24.0,1.0,2.0,2.0,3.0,4.0,1.0,1.0,3.0,2.0,2.0,2.0,2.0,2.0,1.0,2.0,2.0,
622,27.0,6314.0,4.0,1.0,24.0,1.0,2.0,2.0,4.0,4.0,2.0,2.0,1.0,2.0,3.0,2.0,4.0,10.0,1.0,4.0,2.0,
688,29.0,3990.0,1.0,1.0,36.0,2.0,2.0,2.0,3.0,1.0,1.0,1.0,1.0,2.0,2.0,2.0,4.0,4.0,5.0,2.0,1.0,
863,23.0,1534.0,2.0,0.0,12.0,2.0,2.0,1.0,1.0,3.0,1.0,1.0,3.0,2.0,4.0,1.0,1.0,3.0,1.0,2.0,1.0,
455,22.0,3973.0,2.0,1.0,14.0,1.0,2.0,3.0,1.0,3.0,1.0,1.0,3.0,2.0,3.0,4.0,4.0,0.0,1.0,1.0,1.0,
197,45.0,6761.0,4.0,1.0,6.0,4.0,2.0,2.0,1.0,4.0,2.0,1.0,3.0,1.0,3.0,3.0,4.0,0.0,1.0,4.0,2.0,
758,48.0,1082.0,0.0,0.0,12.0,3.0,2.0,2.0,4.0,3.0,2.0,1.0,1.0,2.0,3.0,4.0,3.0,0.0,1.0,1.0,1.0,
431,26.0,4530.0,4.0,1.0,30.0,4.0,2.0,1.0,4.0,4.0,1.0,1.0,3.0,2.0,2.0,4.0,3.0,3.0,1.0,4.0,2.0,
149,36.0,1542.0,2.0,1.0,12.0,4.0,2.0,2.0,2.0,3.0,1.0,1.0,3.0,2.0,3.0,4.0,3.0,9.0,1.0,4.0,2.0,
389,37.0,1225.0,2.0,1.0,10.0,3.0,2.0,2.0,2.0,3.0,1.0,1.0,3.0,2.0,3.0,2.0,3.0,4.0,1.0,3.0,2.0,
33,34.0,6614.0,4.0,1.0,36.0,5.0,2.0,2.0,4.0,4.0,2.0,1.0,3.0,2.0,3.0,4.0,3.0,0.0,1.0,4.0,2.0,
82,51.0,3342.0,4.0,1.0,36.0,5.0,2.0,2.0,4.0,3.0,1.0,1.0,3.0,2.0,3.0,2.0,3.0,3.0,5.0,4.0,2.0,
103,34.0,4712.0,3.0,1.0,24.0,3.0,2.0,2.0,4.0,4.0,2.0,1.0,1.0,2.0,3.0,2.0,2.0,9.0,5.0,2.0,2.0,
793,55.0,6872.0,1.0,0.0,24.0,2.0,2.0,2.0,2.0,3.0,1.0,1.0,1.0,2.0,1.0,1.0,2.0,2.0,1.0,1.0,2.0,
798,33.0,2319.0,4.0,0.0,21.0,2.0,2.0,1.0,2.0,3.0,1.0,1.0,3.0,2.0,1.0,1.0,3.0,6.0,1.0,3.0,1.0,
344,26.0,3577.0,2.0,1.0,9.0,3.0,1.0,1.0,1.0,3.0,1.0,3.0,3.0,1.0,3.0,2.0,1.0,0.0,2.0,4.0,1.0,
248,35.0,4151.0,3.0,1.0,24.0,3.0,2.0,2.0,2.0,3.0,2.0,1.0,3.0,2.0,3.0,3.0,2.0,2.0,2.0,4.0,1.0,
127,24.0,874.0,2.0,1.0,15.0,2.0,2.0,2.0,4.0,3.0,1.0,1.0,3.0,2.0,2.0,1.0,1.0,4.0,5.0,4.0,1.0,
770,24.0,1275.0,2.0,0.0,15.0,3.0,2.0,1.0,4.0,3.0,1.0,1.0,3.0,2.0,2.0,2.0,3.0,4.0,5.0,1.0,1.0,
590,34.0,3017.0,2.0,1.0,12.0,2.0,2.0,1.0,3.0,4.0,1.0,1.0,3.0,2.0,2.0,1.0,1.0,2.0,1.0,2.0,1.0,
545,42.0,1544.0,4.0,1.0,4.0,4.0,2.0,2.0,2.0,2.0,3.0,1.0,3.0,1.0,3.0,1.0,1.0,3.0,1.0,4.0,1.0,
107,29.0,1412.0,4.0,1.0,12.0,3.0,2.0,2.0,4.0,4.0,2.0,3.0,3.0,2.0,2.0,2.0,1.0,9.0,1.0,4.0,2.0,
705,67.0,1169.0,4.0,1.0,6.0,5.0,2.0,2.0,4.0,3.0,2.0,1.0,3.0,2.0,3.0,4.0,1.0,3.0,5.0,1.0,2.0,
381,22.0,3650.0,2.0,1.0,18.0,2.0,2.0,1.0,1.0,3.0,1.0,1.0,3.0,2.0,2.0,4.0,3.0,2.0,1.0,1.0,1.0,
551,30.0,2002.0,2.0,1.0,12.0,4.0,2.0,1.0,3.0,3.0,1.0,1.0,3.0,1.0,3.0,4.0,2.0,0.0,1.0,2.0,2.0,
871,54.0,3051.0,2.0,0.0,48.0,3.0,2.0,2.0,3.0,3.0,1.0,1.0,3.0,2.0,3.0,4.0,3.0,4.0,1.0,1.0,1.0,
949,32.0,1442.0,1.0,0.0,18.0,4.0,2.0,3.0,4.0,2.0,2.0,1.0,1.0,1.0,3.0,4.0,4.0,0.0,1.0,1.0,1.0,
88,34.0,4454.0,3.0,1.0,36.0,3.0,2.0,2.0,4.0,3.0,2.0,1.0,3.0,2.0,2.0,4.0,1.0,3.0,1.0,4.0,1.0,
884,25.0,1264.0,1.0,0.0,15.0,3.0,2.0,1.0,2.0,3.0,1.0,1.0,3.0,2.0,4.0,2.0,2.0,0.0,2.0,2.0,1.0,
393,50.0,1047.0,4.0,1.0,6.0,3.0,2.0,2.0,2.0,2.0,1.0,1.0,3.0,2.0,2.0,4.0,2.0,6.0,1.0,3.0,1.0,
759,24.0,2150.0,2.0,0.0,30.0,3.0,2.0,2.0,4.0,3.0,1.0,3.0,1.0,2.0,2.0,2.0,4.0,0.0,1.0,2.0,1.0,
938,36.0,884.0,4.0,0.0,18.0,5.0,2.0,2.0,4.0,3.0,1.0,1.0,3.0,1.0,3.0,4.0,3.0,0.0,1.0,2.0,2.0,
988,20.0,674.0,2.0,0.0,12.0,4.0,2.0,2.0,4.0,3.0,1.0,1.0,3.0,2.0,4.0,1.0,2.0,3.0,2.0,1.0,1.0,
790,25.0,4736.0,4.0,0.0,24.0,2.0,2.0,2.0,2.0,2.0,1.0,1.0,1.0,2.0,2.0,4.0,3.0,2.0,1.0,2.0,1.0,
901,31.0,4817.0,2.0,0.0,24.0,4.0,2.0,2.0,2.0,3.0,1.0,2.0,3.0,2.0,3.0,3.0,2.0,0.0,1.0,1.0,2.0,
973,37.0,2100.0,2.0,0.0,18.0,3.0,2.0,2.0,4.0,3.0,1.0,2.0,3.0,2.0,3.0,2.0,1.0,3.0,1.0,3.0,1.0,
9,65.0,1098.0,4.0,1.0,18.0,1.0,2.0,2.0,4.0,1.0,2.0,1.0,3.0,2.0,2.0,4.0,3.0,3.0,1.0,4.0,1.0,
102,22.0,806.0,2.0,1.0,15.0,3.0,2.0,2.0,4.0,2.0,1.0,1.0,3.0,2.0,2.0,4.0,2.0,9.0,1.0,1.0,1.0,
583,31.0,3621.0,2.0,0.0,24.0,5.0,2.0,2.0,2.0,3.0,2.0,1.0,3.0,2.0,3.0,4.0,3.0,3.0,2.0,4.0,1.0,
395,25.0,5511.0,2.0,1.0,24.0,3.0,2.0,2.0,4.0,3.0,1.0,1.0,2.0,2.0,3.0,1.0,3.0,2.0,2.0,4.0,1.0,
156,35.0,2684.0,4.0,1.0,24.0,3.0,2.0,2.0,4.0,2.0,2.0,1.0,3.0,2.0,3.0,2.0,1.0,3.0,1.0,4.0,1.0,
173,23.0,1297.0,2.0,1.0,12.0,3.0,2.0,1.0,3.0,3.0,1.0,1.0,3.0,2.0,4.0,4.0,1.0,3.0,1.0,3.0,1.0,
447,36.0,700.0,4.0,1.0,6.0,5.0,2.0,3.0,4.0,3.0,2.0,1.0,3.0,2.0,3.0,4.0,4.0,3.0,5.0,4.0,1.0,
595,32.0,4583.0,0.0,1.0,30.0,3.0,2.0,2.0,2.0,3.0,2.0,3.0,3.0,2.0,1.0,2.0,1.0,2.0,1.0,1.0,1.0,
760,27.0,2820.0,4.0,0.0,36.0,2.0,2.0,2.0,4.0,3.0,2.0,1.0,3.0,2.0,1.0,4.0,3.0,0.0,1.0,2.0,1.0,
548,27.0,1347.0,4.0,1.0,10.0,4.0,2.0,2.0,4.0,3.0,2.0,1.0,3.0,2.0,3.0,2.0,2.0,3.0,5.0,3.0,2.0,
124,43.0,1459.0,4.0,1.0,15.0,3.0,2.0,2.0,4.0,2.0,1.0,1.0,3.0,2.0,2.0,2.0,3.0,3.0,1.0,4.0,1.0,
394,35.0,1471.0,4.0,1.0,15.0,3.0,2.0,3.0,4.0,3.0,2.0,1.0,3.0,2.0,3.0,4.0,4.0,3.0,1.0,4.0,2.0,
49,33.0,1474.0,2.0,1.0,24.0,2.0,2.0,2.0,4.0,3.0,1.0,1.0,3.0,2.0,4.0,3.0,1.0,0.0,2.0,4.0,2.0,
817,48.0,1240.0,2.0,0.0,10.0,5.0,2.0,3.0,1.0,2.0,1.0,1.0,3.0,1.0,2.0,4.0,4.0,0.0,2.0,3.0,1.0,
642,33.0,6289.0,0.0,1.0,42.0,2.0,2.0,2.0,2.0,3.0,2.0,1.0,3.0,2.0,1.0,1.0,2.0,9.0,1.0,3.0,1.0,
544,27.0,1295.0,4.0,1.0,18.0,2.0,2.0,2.0,4.0,3.0,2.0,1.0,3.0,2.0,2.0,1.0,2.0,2.0,1.0,2.0,1.0,
443,30.0,14179.0,4.0,1.0,39.0,4.0,2.0,2.0,4.0,4.0,2.0,1.0,3.0,2.0,3.0,4.0,2.0,2.0,5.0,1.0,2.0,
571,26.0,1330.0,2.0,1.0,12.0,2.0,2.0,2.0,4.0,3.0,1.0,1.0,3.0,2.0,3.0,1.0,1.0,0.0,1.0,3.0,1.0,
244,32.0,629.0,4.0,1.0,18.0,5.0,2.0,2.0,4.0,4.0,2.0,1.0,1.0,2.0,3.0,3.0,2.0,3.0,3.0,4.0,2.0,
623,66.0,1526.0,4.0,1.0,12.0,5.0,2.0,3.0,4.0,4.0,2.0,1.0,3.0,2.0,3.0,4.0,4.0,1.0,1.0,1.0,1.0,
516,29.0,2896.0,2.0,1.0,24.0,2.0,2.0,2.0,2.0,3.0,1.0,1.0,3.0,2.0,3.0,1.0,3.0,3.0,2.0,2.0,1.0,
591,27.0,1657.0,2.0,1.0,12.0,3.0,2.0,2.0,2.0,3.0,1.0,1.0,3.0,2.0,3.0,2.0,1.0,2.0,1.0,1.0,1.0,
681,23.0,1048.0,1.0,1.0,10.0,3.0,2.0,2.0,4.0,2.0,1.0,1.0,2.0,2.0,3.0,4.0,1.0,3.0,1.0,2.0,1.0,
97,23.0,3573.0,4.0,1.0,12.0,3.0,2.0,2.0,1.0,2.0,1.0,1.0,3.0,2.0,2.0,1.0,1.0,3.0,1.0,2.0,1.0,
523,29.0,518.0,2.0,1.0,6.0,3.0,2.0,2.0,3.0,3.0,1.0,1.0,3.0,2.0,2.0,1.0,1.0,3.0,1.0,4.0,1.0,
273,23.0,660.0,2.0,1.0,6.0,4.0,2.0,1.0,2.0,2.0,1.0,1.0,3.0,2.0,4.0,4.0,1.0,5.0,3.0,4.0,1.0,
72,58.0,1867.0,2.0,1.0,30.0,5.0,2.0,2.0,4.0,3.0,1.0,1.0,3.0,2.0,3.0,4.0,3.0,3.0,5.0,4.0,2.0,
678,48.0,1795.0,4.0,1.0,18.0,5.0,2.0,1.0,3.0,2.0,2.0,3.0,1.0,2.0,2.0,4.0,1.0,3.0,1.0,2.0,2.0,
369,28.0,1403.0,2.0,1.0,15.0,3.0,2.0,1.0,2.0,3.0,1.0,1.0,3.0,2.0,2.0,4.0,3.0,0.0,1.0,1.0,1.0,
540,33.0,3244.0,0.0,1.0,18.0,3.0,2.0,2.0,1.0,3.0,2.0,1.0,1.0,2.0,2.0,4.0,3.0,2.0,1.0,2.0,2.0,
398,30.0,707.0,2.0,1.0,12.0,3.0,2.0,2.0,4.0,3.0,2.0,1.0,1.0,2.0,3.0,2.0,1.0,3.0,1.0,4.0,1.0,
958,21.0,3441.0,2.0,0.0,30.0,3.0,2.0,1.0,2.0,3.0,1.0,2.0,1.0,2.0,2.0,4.0,3.0,2.0,2.0,2.0,1.0,
61,44.0,1163.0,4.0,1.0,12.0,3.0,2.0,2.0,4.0,3.0,1.0,1.0,3.0,2.0,3.0,4.0,1.0,0.0,3.0,4.0,2.0,
135,64.0,1364.0,2.0,1.0,10.0,3.0,2.0,2.0,2.0,3.0,1.0,1.0,3.0,2.0,2.0,4.0,3.0,0.0,1.0,4.0,2.0,
504,33.0,2058.0,4.0,1.0,24.0,3.0,2.0,2.0,4.0,3.0,2.0,1.0,3.0,2.0,1.0,2.0,1.0,5.0,1.0,4.0,2.0,
143,42.0,5084.0,2.0,1.0,24.0,5.0,2.0,2.0,2.0,3.0,1.0,1.0,3.0,2.0,2.0,4.0,3.0,3.0,5.0,2.0,2.0,
479,57.0,2748.0,4.0,1.0,12.0,5.0,2.0,3.0,2.0,2.0,3.0,1.0,1.0,2.0,2.0,4.0,4.0,6.0,1.0,4.0,1.0,
370,24.0,3021.0,2.0,1.0,24.0,3.0,2.0,1.0,2.0,2.0,1.0,1.0,3.0,2.0,1.0,2.0,1.0,2.0,1.0,1.0,1.0,
929,39.0,10297.0,2.0,0.0,48.0,4.0,2.0,3.0,4.0,3.0,3.0,1.0,3.0,1.0,3.0,4.0,4.0,1.0,1.0,1.0,2.0,
575,35.0,6948.0,2.0,1.0,36.0,3.0,2.0,1.0,2.0,4.0,1.0,1.0,3.0,2.0,3.0,2.0,3.0,1.0,1.0,2.0,2.0,
821,27.0,10961.0,2.0,0.0,48.0,4.0,2.0,2.0,1.0,3.0,2.0,2.0,1.0,2.0,3.0,2.0,4.0,3.0,4.0,2.0,2.0,
507,38.0,1240.0,4.0,1.0,12.0,5.0,2.0,2.0,4.0,3.0,2.0,1.0,3.0,2.0,2.0,2.0,1.0,3.0,5.0,4.0,2.0,
649,41.0,2503.0,3.0,1.0,30.0,5.0,2.0,2.0,4.0,3.0,2.0,1.0,2.0,2.0,3.0,2.0,2.0,9.0,2.0,2.0,1.0,
67,52.0,3077.0,2.0,1.0,12.0,3.0,2.0,2.0,2.0,3.0,1.0,1.0,3.0,2.0,3.0,4.0,3.0,3.0,1.0,4.0,2.0,
429,23.0,1200.0,2.0,1.0,12.0,3.0,2.0,1.0,4.0,3.0,1.0,1.0,1.0,2.0,2.0,4.0,2.0,6.0,5.0,1.0,2.0,
858,31.0,2302.0,2.0,0.0,36.0,3.0,2.0,1.0,4.0,3.0,1.0,1.0,3.0,2.0,1.0,4.0,3.0,3.0,1.0,1.0,1.0,
316,45.0,1300.0,2.0,1.0,15.0,5.0,2.0,3.0,4.0,3.0,1.0,1.0,1.0,1.0,3.0,4.0,4.0,1.0,5.0,4.0,1.0,
946,34.0,6850.0,1.0,0.0,15.0,1.0,2.0,2.0,1.0,4.0,1.0,1.0,2.0,1.0,3.0,2.0,2.0,0.0,2.0,2.0,2.0,
697,36.0,2247.0,3.0,1.0,12.0,3.0,2.0,2.0,2.0,3.0,2.0,1.0,2.0,2.0,2.0,2.0,3.0,0.0,1.0,3.0,2.0,
923,23.0,1442.0,2.0,0.0,24.0,4.0,2.0,1.0,4.0,3.0,2.0,1.0,3.0,2.0,2.0,4.0,3.0,0.0,1.0,1.0,1.0,
16,44.0,2647.0,2.0,1.0,6.0,3.0,2.0,1.0,2.0,3.0,1.0,1.0,3.0,1.0,3.0,3.0,1.0,3.0,3.0,1.0,1.0,
76,24.0,2030.0,2.0,1.0,9.0,4.0,2.0,2.0,2.0,3.0,1.0,1.0,3.0,2.0,3.0,1.0,3.0,2.0,5.0,2.0,2.0,
386,24.0,458.0,2.0,1.0,9.0,3.0,2.0,2.0,4.0,3.0,1.0,1.0,3.0,2.0,3.0,3.0,1.0,3.0,1.0,2.0,1.0,
761,28.0,3060.0,2.0,0.0,48.0,4.0,2.0,2.0,4.0,3.0,2.0,1.0,3.0,2.0,3.0,4.0,1.0,3.0,1.0,2.0,1.0,
860,33.0,727.0,2.0,0.0,12.0,2.0,2.0,2.0,4.0,2.0,1.0,1.0,3.0,2.0,4.0,3.0,4.0,3.0,2.0,1.0,2.0,
914,31.0,2746.0,1.0,0.0,36.0,5.0,2.0,2.0,4.0,3.0,1.0,1.0,1.0,2.0,3.0,4.0,3.0,2.0,1.0,1.0,1.0,
971,33.0,4844.0,2.0,0.0,48.0,1.0,2.0,1.0,3.0,4.0,1.0,1.0,3.0,2.0,3.0,2.0,3.0,9.0,1.0,4.0,2.0,
814,24.0,3190.0,2.0,0.0,18.0,3.0,2.0,2.0,2.0,3.0,1.0,1.0,3.0,2.0,2.0,2.0,1.0,3.0,1.0,1.0,1.0,
336,24.0,1747.0,2.0,1.0,24.0,2.0,1.0,2.0,4.0,2.0,1.0,2.0,3.0,2.0,3.0,1.0,2.0,2.0,1.0,1.0,1.0,
943,41.0,719.0,2.0,0.0,12.0,5.0,2.0,2.0,4.0,2.0,1.0,1.0,1.0,1.0,3.0,4.0,3.0,6.0,1.0,4.0,1.0,
324,27.0,2132.0,4.0,1.0,10.0,2.0,1.0,1.0,2.0,3.0,2.0,2.0,3.0,2.0,2.0,3.0,1.0,2.0,5.0,1.0,1.0,
567,31.0,9857.0,3.0,1.0,36.0,4.0,2.0,2.0,1.0,2.0,2.0,1.0,3.0,1.0,3.0,3.0,2.0,9.0,2.0,2.0,2.0,
991,27.0,750.0,2.0,0.0,18.0,1.0,2.0,2.0,4.0,1.0,1.0,1.0,3.0,2.0,2.0,1.0,1.0,6.0,1.0,1.0,1.0,
892,24.0,9629.0,4.0,0.0,36.0,4.0,2.0,2.0,4.0,3.0,2.0,1.0,3.0,2.0,3.0,4.0,3.0,1.0,1.0,1.0,2.0,
701,47.0,8335.0,2.0,0.0,36.0,5.0,2.0,3.0,3.0,3.0,1.0,1.0,3.0,2.0,3.0,4.0,4.0,1.0,5.0,1.0,1.0,
912,35.0,691.0,4.0,0.0,12.0,5.0,2.0,2.0,4.0,3.0,2.0,1.0,3.0,2.0,3.0,3.0,2.0,0.0,1.0,1.0,1.0,
737,37.0,1082.0,2.0,1.0,9.0,5.0,2.0,2.0,4.0,2.0,2.0,1.0,3.0,2.0,3.0,4.0,3.0,3.0,1.0,2.0,1.0,
647,52.0,2223.0,4.0,1.0,24.0,5.0,2.0,2.0,4.0,3.0,2.0,1.0,1.0,2.0,3.0,4.0,2.0,3.0,2.0,4.0,1.0,
757,60.0,1199.0,4.0,0.0,24.0,5.0,2.0,2.0,4.0,2.0,2.0,1.0,3.0,2.0,3.0,4.0,3.0,0.0,1.0,1.0,1.0,
932,37.0,1274.0,2.0,0.0,12.0,2.0,2.0,2.0,3.0,2.0,1.0,1.0,1.0,2.0,2.0,1.0,1.0,0.0,1.0,1.0,1.0,
54,49.0,2331.0,4.0,1.0,12.0,5.0,2.0,2.0,1.0,3.0,1.0,2.0,3.0,2.0,3.0,4.0,1.0,3.0,5.0,4.0,2.0,
580,30.0,7174.0,2.0,0.0,42.0,4.0,2.0,2.0,4.0,4.0,1.0,1.0,3.0,2.0,2.0,3.0,3.0,3.0,5.0,1.0,2.0,
262,35.0,1393.0,4.0,1.0,11.0,2.0,2.0,2.0,4.0,4.0,2.0,1.0,3.0,2.0,2.0,4.0,3.0,0.0,1.0,4.0,1.0,
371,21.0,6568.0,2.0,1.0,24.0,3.0,2.0,2.0,2.0,2.0,1.0,1.0,2.0,2.0,4.0,2.0,3.0,9.0,1.0,1.0,1.0,
334,25.0,1283.0,2.0,1.0,22.0,4.0,2.0,1.0,4.0,3.0,1.0,1.0,3.0,2.0,2.0,4.0,2.0,0.0,5.0,4.0,1.0,
828,43.0,4843.0,4.0,0.0,12.0,5.0,2.0,1.0,3.0,3.0,2.0,2.0,3.0,2.0,3.0,4.0,2.0,0.0,1.0,1.0,2.0,
19,36.0,2337.0,4.0,1.0,36.0,5.0,2.0,2.0,4.0,3.0,1.0,1.0,3.0,2.0,3.0,4.0,1.0,3.0,1.0,2.0,1.0,
203,49.0,1445.0,1.0,1.0,18.0,4.0,2.0,2.0,4.0,2.0,1.0,1.0,1.0,2.0,3.0,4.0,3.0,3.0,5.0,3.0,1.0,
772,27.0,1422.0,2.0,0.0,9.0,2.0,2.0,3.0,3.0,4.0,1.0,1.0,3.0,2.0,3.0,2.0,4.0,0.0,1.0,1.0,2.0,
20,39.0,7228.0,4.0,1.0,11.0,3.0,2.0,2.0,1.0,2.0,2.0,1.0,3.0,2.0,3.0,4.0,2.0,0.0,1.0,4.0,1.0,
497,29.0,2108.0,2.0,1.0,6.0,4.0,2.0,1.0,2.0,3.0,1.0,1.0,3.0,2.0,4.0,2.0,1.0,3.0,1.0,4.0,1.0,
305,28.0,745.0,2.0,0.0,9.0,3.0,2.0,2.0,3.0,2.0,1.0,1.0,3.0,2.0,2.0,2.0,1.0,3.0,1.0,3.0,1.0,
667,45.0,2329.0,2.0,1.0,7.0,2.0,2.0,2.0,1.0,3.0,1.0,3.0,3.0,2.0,2.0,1.0,1.0,3.0,1.0,2.0,1.0,
141,45.0,3835.0,2.0,1.0,36.0,5.0,2.0,2.0,2.0,2.0,1.0,1.0,3.0,2.0,2.0,4.0,1.0,3.0,5.0,4.0,2.0,
607,35.0,1050.0,3.0,1.0,6.0,1.0,1.0,2.0,4.0,4.0,2.0,1.0,2.0,2.0,3.0,1.0,2.0,2.0,1.0,2.0,2.0,
563,24.0,7408.0,2.0,0.0,60.0,2.0,2.0,2.0,4.0,4.0,1.0,1.0,3.0,2.0,2.0,2.0,2.0,0.0,2.0,2.0,1.0,
53,30.0,1224.0,4.0,1.0,9.0,3.0,2.0,2.0,3.0,3.0,2.0,1.0,3.0,2.0,3.0,1.0,1.0,0.0,1.0,4.0,1.0,
355,42.0,1346.0,2.0,1.0,6.0,5.0,2.0,3.0,2.0,3.0,1.0,1.0,1.0,1.0,3.0,4.0,4.0,3.0,2.0,4.0,2.0,
264,20.0,1313.0,2.0,1.0,9.0,5.0,2.0,2.0,1.0,3.0,1.0,1.0,3.0,2.0,3.0,4.0,3.0,2.0,1.0,4.0,1.0,
187,50.0,2390.0,2.0,1.0,12.0,5.0,2.0,2.0,4.0,3.0,1.0,1.0,3.0,2.0,3.0,3.0,3.0,0.0,5.0,4.0,2.0,
747,36.0,2760.0,2.0,1.0,24.0,5.0,2.0,3.0,4.0,3.0,1.0,1.0,1.0,2.0,3.0,4.0,4.0,1.0,5.0,2.0,2.0,
717,50.0,7476.0,2.0,1.0,48.0,4.0,2.0,3.0,4.0,4.0,1.0,1.0,3.0,2.0,3.0,1.0,4.0,6.0,1.0,1.0,2.0,
861,38.0,3914.0,2.0,0.0,48.0,3.0,2.0,2.0,4.0,3.0,1.0,1.0,1.0,2.0,1.0,2.0,1.0,9.0,5.0,4.0,1.0,
70,60.0,2032.0,3.0,1.0,24.0,5.0,2.0,3.0,4.0,3.0,2.0,1.0,3.0,2.0,3.0,4.0,4.0,0.0,1.0,4.0,2.0,
552,49.0,2096.0,4.0,1.0,12.0,4.0,2.0,2.0,2.0,2.0,1.0,1.0,3.0,1.0,3.0,3.0,1.0,6.0,1.0,4.0,1.0,
538,42.0,1455.0,4.0,1.0,4.0,4.0,2.0,2.0,2.0,2.0,3.0,1.0,3.0,1.0,3.0,1.0,1.0,0.0,1.0,4.0,1.0,
506,30.0,1740.0,4.0,1.0,6.0,5.0,2.0,1.0,2.0,3.0,2.0,1.0,3.0,2.0,4.0,2.0,1.0,3.0,1.0,4.0,1.0,
106,31.0,1393.0,2.0,1.0,24.0,3.0,2.0,2.0,2.0,3.0,1.0,3.0,3.0,2.0,3.0,2.0,1.0,0.0,1.0,4.0,2.0,
457,29.0,2629.0,3.0,1.0,20.0,3.0,2.0,2.0,2.0,3.0,2.0,1.0,1.0,2.0,3.0,3.0,3.0,10.0,1.0,2.0,2.0,
965,37.0,802.0,2.0,0.0,15.0,5.0,2.0,2.0,4.0,3.0,1.0,1.0,3.0,1.0,3.0,3.0,3.0,3.0,1.0,2.0,1.0,
752,28.0,654.0,2.0,0.0,9.0,3.0,2.0,2.0,4.0,2.0,1.0,1.0,3.0,2.0,3.0,3.0,3.0,0.0,1.0,1.0,1.0,
499,38.0,926.0,4.0,1.0,12.0,1.0,2.0,2.0,1.0,1.0,1.0,1.0,3.0,2.0,2.0,2.0,2.0,0.0,1.0,4.0,1.0,
886,24.0,6560.0,2.0,0.0,48.0,4.0,2.0,2.0,3.0,3.0,1.0,1.0,3.0,2.0,3.0,2.0,2.0,0.0,2.0,2.0,1.0,
995,28.0,6199.0,0.0,0.0,12.0,3.0,2.0,1.0,4.0,3.0,2.0,1.0,3.0,2.0,3.0,2.0,2.0,3.0,1.0,1.0,2.0,
494,46.0,2611.0,4.0,1.0,24.0,5.0,2.0,2.0,4.0,3.0,2.0,2.0,3.0,2.0,4.0,3.0,1.0,3.0,1.0,4.0,1.0,
979,25.0,2762.0,2.0,0.0,12.0,5.0,2.0,2.0,1.0,3.0,1.0,1.0,3.0,2.0,2.0,2.0,2.0,2.0,5.0,2.0,2.0,
428,34.0,1501.0,4.0,0.0,9.0,5.0,2.0,2.0,2.0,4.0,2.0,1.0,3.0,2.0,2.0,3.0,3.0,6.0,1.0,2.0,2.0,
787,32.0,931.0,1.0,0.0,6.0,2.0,2.0,2.0,1.0,2.0,1.0,1.0,2.0,2.0,2.0,1.0,2.0,0.0,2.0,2.0,1.0,
773,47.0,1217.0,2.0,0.0,18.0,3.0,2.0,2.0,4.0,2.0,1.0,1.0,3.0,2.0,4.0,3.0,1.0,4.0,1.0,1.0,2.0,
464,45.0,4006.0,2.0,0.0,28.0,3.0,2.0,2.0,3.0,2.0,1.0,1.0,3.0,2.0,3.0,2.0,3.0,0.0,1.0,1.0,1.0,
307,36.0,1374.0,2.0,1.0,6.0,3.0,2.0,2.0,1.0,2.0,1.0,1.0,1.0,2.0,3.0,2.0,1.0,2.0,1.0,1.0,2.0,
557,30.0,8358.0,0.0,1.0,48.0,2.0,2.0,2.0,1.0,3.0,2.0,1.0,3.0,2.0,2.0,1.0,3.0,0.0,3.0,2.0,1.0,
192,27.0,3711.0,2.0,1.0,36.0,3.0,2.0,2.0,2.0,3.0,1.0,1.0,3.0,2.0,4.0,2.0,3.0,6.0,5.0,2.0,1.0,
7,39.0,3398.0,4.0,1.0,8.0,4.0,1.0,2.0,1.0,2.0,2.0,1.0,3.0,2.0,3.0,4.0,1.0,0.0,1.0,1.0,1.0,
300,34.0,2320.0,3.0,1.0,18.0,1.0,2.0,2.0,2.0,3.0,2.0,1.0,3.0,2.0,4.0,3.0,1.0,3.0,1.0,4.0,1.0,
302,25.0,5152.0,2.0,1.0,24.0,4.0,2.0,2.0,4.0,3.0,1.0,1.0,1.0,2.0,3.0,2.0,3.0,3.0,1.0,3.0,1.0,
468,35.0,5324.0,2.0,1.0,15.0,5.0,2.0,3.0,1.0,3.0,1.0,1.0,3.0,2.0,2.0,4.0,4.0,0.0,3.0,4.0,1.0,
453,70.0,7308.0,2.0,1.0,10.0,1.0,2.0,3.0,2.0,4.0,1.0,1.0,1.0,2.0,3.0,4.0,4.0,0.0,1.0,2.0,2.0,
163,25.0,3972.0,2.0,1.0,24.0,4.0,2.0,1.0,2.0,3.0,1.0,1.0,3.0,2.0,2.0,4.0,2.0,2.0,1.0,4.0,2.0,
873,22.0,433.0,2.0,0.0,18.0,1.0,2.0,1.0,3.0,3.0,1.0,2.0,3.0,2.0,2.0,4.0,1.0,3.0,1.0,4.0,1.0,
722,40.0,1905.0,2.0,1.0,15.0,5.0,2.0,1.0,4.0,4.0,1.0,1.0,3.0,2.0,3.0,4.0,3.0,6.0,1.0,3.0,2.0,
640,63.0,2957.0,4.0,1.0,24.0,5.0,2.0,2.0,4.0,3.0,2.0,1.0,3.0,2.0,3.0,4.0,2.0,1.0,1.0,1.0,2.0,
584,22.0,741.0,2.0,0.0,12.0,1.0,2.0,2.0,4.0,3.0,1.0,1.0,3.0,2.0,2.0,3.0,2.0,4.0,2.0,1.0,1.0,
641,46.0,2348.0,4.0,1.0,36.0,3.0,2.0,2.0,3.0,3.0,2.0,1.0,3.0,2.0,4.0,2.0,2.0,2.0,1.0,1.0,2.0,
933,46.0,1223.0,2.0,0.0,12.0,5.0,2.0,1.0,1.0,3.0,2.0,1.0,3.0,2.0,1.0,1.0,1.0,0.0,1.0,2.0,1.0,
108,39.0,1473.0,2.0,1.0,18.0,2.0,2.0,2.0,3.0,3.0,1.0,1.0,3.0,2.0,4.0,4.0,1.0,3.0,1.0,4.0,2.0,
851,21.0,3031.0,2.0,0.0,45.0,3.0,2.0,1.0,4.0,3.0,1.0,3.0,3.0,2.0,3.0,4.0,2.0,3.0,2.0,2.0,1.0,
734,23.0,2511.0,2.0,1.0,15.0,1.0,2.0,1.0,1.0,3.0,1.0,1.0,3.0,2.0,2.0,4.0,3.0,0.0,1.0,1.0,1.0,
532,43.0,2197.0,4.0,1.0,24.0,4.0,2.0,2.0,4.0,3.0,2.0,1.0,3.0,1.0,3.0,4.0,3.0,1.0,5.0,4.0,2.0,
421,28.0,776.0,2.0,1.0,12.0,3.0,2.0,2.0,4.0,3.0,1.0,1.0,3.0,2.0,4.0,2.0,1.0,3.0,1.0,4.0,1.0,
352,34.0,1525.0,2.0,1.0,24.0,4.0,2.0,2.0,4.0,3.0,1.0,1.0,3.0,1.0,2.0,3.0,3.0,0.0,4.0,4.0,2.0,
432,55.0,1555.0,3.0,0.0,12.0,5.0,2.0,3.0,4.0,3.0,2.0,1.0,3.0,1.0,3.0,4.0,4.0,5.0,4.0,4.0,1.0,
732,34.0,6527.0,2.0,1.0,60.0,3.0,2.0,3.0,4.0,3.0,1.0,1.0,3.0,1.0,3.0,4.0,4.0,0.0,5.0,4.0,2.0,
451,66.0,766.0,2.0,0.0,12.0,3.0,2.0,2.0,4.0,2.0,1.0,1.0,3.0,2.0,3.0,3.0,1.0,3.0,3.0,2.0,1.0,
986,42.0,2292.0,4.0,0.0,12.0,1.0,2.0,2.0,4.0,4.0,2.0,1.0,2.0,2.0,3.0,2.0,3.0,9.0,1.0,4.0,2.0,
41,23.0,996.0,4.0,1.0,12.0,4.0,2.0,2.0,4.0,3.0,2.0,1.0,3.0,2.0,2.0,4.0,1.0,5.0,5.0,4.0,1.0,
438,24.0,935.0,3.0,1.0,6.0,3.0,2.0,2.0,3.0,3.0,1.0,1.0,3.0,2.0,2.0,2.0,1.0,3.0,1.0,4.0,1.0,
227,35.0,4380.0,2.0,1.0,18.0,3.0,2.0,2.0,3.0,2.0,1.0,1.0,3.0,1.0,3.0,4.0,3.0,0.0,2.0,1.0,2.0,
990,20.0,2718.0,2.0,0.0,24.0,3.0,2.0,1.0,3.0,2.0,1.0,1.0,3.0,2.0,2.0,4.0,2.0,0.0,1.0,2.0,2.0,
827,34.0,3844.0,0.0,0.0,48.0,4.0,2.0,3.0,4.0,2.0,1.0,1.0,3.0,1.0,3.0,4.0,4.0,9.0,2.0,2.0,1.0,
458,35.0,1941.0,2.0,1.0,18.0,3.0,2.0,2.0,4.0,2.0,1.0,1.0,3.0,2.0,3.0,2.0,2.0,9.0,4.0,2.0,2.0,
966,26.0,9960.0,2.0,0.0,48.0,2.0,2.0,2.0,1.0,3.0,1.0,1.0,1.0,2.0,2.0,2.0,3.0,2.0,1.0,2.0,2.0,
8,40.0,1361.0,4.0,1.0,6.0,2.0,1.0,2.0,2.0,2.0,1.0,1.0,3.0,1.0,3.0,4.0,1.0,0.0,1.0,1.0,1.0,
934,36.0,1372.0,2.0,0.0,12.0,4.0,2.0,2.0,2.0,3.0,1.0,1.0,3.0,2.0,1.0,3.0,3.0,0.0,1.0,1.0,1.0,
85,63.0,1520.0,4.0,1.0,15.0,5.0,2.0,2.0,4.0,3.0,1.0,1.0,3.0,2.0,3.0,4.0,2.0,2.0,5.0,4.0,1.0,
913,26.0,4370.0,3.0,0.0,42.0,4.0,2.0,2.0,3.0,3.0,2.0,1.0,1.0,1.0,3.0,2.0,2.0,3.0,1.0,1.0,2.0,
372,34.0,2578.0,4.0,1.0,24.0,5.0,2.0,2.0,2.0,3.0,1.0,1.0,3.0,2.0,3.0,2.0,3.0,3.0,4.0,4.0,1.0,
55,41.0,6313.0,2.0,1.0,24.0,5.0,2.0,2.0,3.0,4.0,1.0,1.0,3.0,1.0,3.0,4.0,3.0,1.0,5.0,4.0,2.0,
731,55.0,9283.0,1.0,1.0,42.0,1.0,2.0,3.0,1.0,4.0,1.0,1.0,1.0,2.0,3.0,2.0,4.0,1.0,1.0,2.0,2.0,
830,22.0,5951.0,2.0,0.0,48.0,3.0,2.0,2.0,2.0,3.0,1.0,1.0,3.0,2.0,2.0,2.0,1.0,3.0,1.0,2.0,1.0,
528,27.0,2930.0,2.0,1.0,12.0,4.0,2.0,2.0,2.0,3.0,1.0,1.0,3.0,2.0,2.0,1.0,1.0,3.0,1.0,2.0,1.0,
891,27.0,14027.0,2.0,0.0,60.0,4.0,2.0,2.0,4.0,4.0,1.0,1.0,3.0,2.0,3.0,2.0,4.0,0.0,1.0,2.0,2.0,
270,34.0,1569.0,1.0,1.0,15.0,5.0,2.0,2.0,4.0,2.0,1.0,1.0,1.0,1.0,3.0,4.0,3.0,3.0,2.0,4.0,1.0,
413,35.0,976.0,4.0,1.0,12.0,5.0,2.0,2.0,4.0,3.0,2.0,1.0,3.0,2.0,3.0,4.0,3.0,3.0,5.0,4.0,1.0,
62,29.0,2679.0,2.0,1.0,24.0,2.0,2.0,2.0,4.0,4.0,1.0,1.0,3.0,2.0,2.0,1.0,4.0,1.0,1.0,4.0,2.0,
510,43.0,1203.0,2.0,1.0,6.0,5.0,2.0,2.0,3.0,3.0,1.0,1.0,3.0,2.0,3.0,2.0,2.0,0.0,2.0,1.0,2.0,
160,28.0,3617.0,4.0,1.0,12.0,5.0,2.0,1.0,1.0,3.0,3.0,1.0,3.0,2.0,3.0,4.0,3.0,2.0,1.0,2.0,2.0,
191,29.0,1901.0,2.0,1.0,24.0,3.0,2.0,1.0,4.0,4.0,1.0,1.0,3.0,2.0,3.0,4.0,3.0,3.0,2.0,4.0,2.0,
220,45.0,1287.0,2.0,1.0,10.0,5.0,1.0,2.0,4.0,2.0,1.0,2.0,3.0,2.0,3.0,2.0,2.0,0.0,5.0,4.0,1.0,
164,28.0,3343.0,4.0,1.0,15.0,3.0,2.0,3.0,4.0,3.0,1.0,1.0,3.0,2.0,3.0,2.0,4.0,2.0,1.0,4.0,2.0,
738,46.0,1149.0,4.0,1.0,18.0,3.0,2.0,2.0,4.0,3.0,2.0,1.0,3.0,2.0,3.0,3.0,1.0,3.0,4.0,4.0,1.0,
727,31.0,2782.0,2.0,1.0,21.0,4.0,2.0,2.0,1.0,4.0,1.0,1.0,1.0,2.0,2.0,2.0,3.0,0.0,3.0,4.0,1.0,
883,42.0,7763.0,2.0,0.0,48.0,5.0,2.0,3.0,4.0,4.0,1.0,1.0,1.0,2.0,3.0,4.0,4.0,0.0,1.0,1.0,1.0,
690,32.0,1282.0,2.0,0.0,24.0,3.0,2.0,2.0,4.0,2.0,1.0,1.0,3.0,2.0,2.0,2.0,3.0,3.0,2.0,1.0,1.0,
960,22.0,3092.0,2.0,0.0,24.0,2.0,2.0,1.0,3.0,3.0,1.0,1.0,3.0,2.0,4.0,2.0,3.0,3.0,2.0,2.0,2.0,
27,24.0,652.0,2.0,1.0,12.0,5.0,2.0,1.0,4.0,3.0,1.0,1.0,3.0,2.0,2.0,4.0,2.0,2.0,1.0,1.0,1.0,
710,31.0,6110.0,4.0,1.0,48.0,3.0,2.0,3.0,1.0,3.0,1.0,1.0,1.0,2.0,3.0,3.0,4.0,6.0,1.0,4.0,2.0,
133,41.0,2116.0,2.0,1.0,6.0,3.0,2.0,2.0,2.0,3.0,1.0,1.0,3.0,2.0,3.0,2.0,1.0,2.0,1.0,3.0,2.0,
423,68.0,1175.0,4.0,1.0,16.0,1.0,2.0,3.0,2.0,1.0,3.0,1.0,3.0,2.0,3.0,3.0,3.0,0.0,1.0,2.0,2.0,
904,42.0,4153.0,2.0,0.0,18.0,3.0,2.0,2.0,2.0,3.0,1.0,2.0,3.0,2.0,3.0,3.0,3.0,2.0,1.0,1.0,1.0,
657,38.0,1216.0,4.0,0.0,24.0,2.0,2.0,2.0,4.0,3.0,2.0,1.0,1.0,1.0,3.0,4.0,4.0,3.0,2.0,2.0,1.0,
613,30.0,1620.0,2.0,1.0,12.0,3.0,2.0,2.0,2.0,3.0,1.0,2.0,3.0,2.0,2.0,3.0,2.0,2.0,1.0,1.0,1.0,
723,28.0,2993.0,3.0,1.0,21.0,3.0,2.0,2.0,3.0,2.0,2.0,1.0,2.0,2.0,3.0,2.0,1.0,1.0,1.0,4.0,1.0,
788,61.0,1512.0,3.0,0.0,15.0,3.0,2.0,2.0,3.0,3.0,2.0,1.0,2.0,2.0,4.0,3.0,2.0,5.0,4.0,2.0,1.0,
698,28.0,1413.0,2.0,1.0,24.0,3.0,2.0,2.0,4.0,3.0,1.0,1.0,3.0,2.0,4.0,2.0,2.0,3.0,1.0,4.0,1.0,
743,20.0,2996.0,2.0,0.0,24.0,3.0,2.0,2.0,2.0,3.0,1.0,1.0,3.0,2.0,4.0,4.0,3.0,2.0,5.0,1.0,1.0,
256,26.0,2687.0,2.0,1.0,15.0,4.0,2.0,1.0,2.0,3.0,1.0,1.0,3.0,2.0,3.0,4.0,2.0,9.0,1.0,3.0,2.0,
560,35.0,1410.0,2.0,1.0,14.0,5.0,2.0,2.0,1.0,3.0,1.0,1.0,3.0,2.0,4.0,2.0,1.0,9.0,3.0,2.0,2.0,
654,53.0,2424.0,4.0,1.0,24.0,5.0,2.0,2.0,4.0,3.0,2.0,1.0,3.0,2.0,3.0,4.0,2.0,3.0,5.0,4.0,1.0,
964,23.0,3234.0,2.0,0.0,24.0,2.0,2.0,1.0,4.0,2.0,1.0,1.0,3.0,2.0,2.0,4.0,1.0,2.0,1.0,1.0,2.0,
214,74.0,1299.0,4.0,1.0,6.0,3.0,1.0,2.0,1.0,1.0,3.0,1.0,3.0,1.0,3.0,1.0,1.0,0.0,1.0,3.0,1.0,
354,29.0,3499.0,4.0,0.0,12.0,3.0,2.0,2.0,3.0,3.0,2.0,2.0,3.0,2.0,2.0,2.0,1.0,0.0,1.0,1.0,1.0,
3,23.0,841.0,2.0,1.0,12.0,4.0,2.0,1.0,2.0,2.0,1.0,1.0,3.0,2.0,2.0,4.0,1.0,9.0,2.0,2.0,1.0,
927,31.0,3161.0,1.0,0.0,24.0,3.0,2.0,1.0,4.0,3.0,1.0,1.0,1.0,2.0,3.0,2.0,2.0,9.0,1.0,1.0,2.0,
189,32.0,2273.0,2.0,1.0,36.0,4.0,2.0,2.0,3.0,3.0,2.0,1.0,3.0,1.0,3.0,1.0,3.0,6.0,1.0,2.0,1.0,
893,25.0,1484.0,2.0,0.0,12.0,3.0,2.0,2.0,2.0,3.0,1.0,1.0,3.0,2.0,4.0,1.0,1.0,3.0,5.0,2.0,2.0,
388,43.0,7393.0,2.0,1.0,24.0,3.0,2.0,2.0,1.0,2.0,1.0,1.0,3.0,1.0,3.0,4.0,2.0,0.0,1.0,4.0,1.0,
176,36.0,3235.0,2.0,1.0,24.0,5.0,2.0,2.0,3.0,4.0,1.0,1.0,3.0,2.0,1.0,2.0,3.0,3.0,3.0,4.0,2.0,
627,38.0,2859.0,2.0,1.0,12.0,1.0,2.0,2.0,4.0,4.0,1.0,1.0,3.0,2.0,3.0,4.0,4.0,0.0,5.0,4.0,2.0,
211,29.0,1494.0,2.0,1.0,4.0,2.0,1.0,2.0,1.0,2.0,1.0,1.0,3.0,1.0,3.0,2.0,1.0,0.0,5.0,3.0,1.0,
907,44.0,1553.0,1.0,0.0,18.0,3.0,2.0,2.0,4.0,3.0,1.0,1.0,1.0,2.0,3.0,3.0,3.0,2.0,1.0,1.0,1.0,
909,43.0,1333.0,3.0,0.0,24.0,1.0,2.0,3.0,4.0,3.0,2.0,1.0,3.0,1.0,3.0,2.0,1.0,0.0,1.0,1.0,1.0,
444,40.0,1386.0,2.0,1.0,15.0,3.0,2.0,1.0,4.0,3.0,1.0,1.0,3.0,2.0,4.0,2.0,1.0,3.0,5.0,4.0,2.0,
409,36.0,1913.0,2.0,1.0,18.0,2.0,2.0,2.0,3.0,3.0,1.0,1.0,1.0,2.0,4.0,3.0,1.0,9.0,4.0,2.0,2.0,
568,52.0,362.0,4.0,1.0,6.0,3.0,2.0,2.0,4.0,2.0,2.0,1.0,3.0,2.0,2.0,4.0,3.0,0.0,2.0,4.0,1.0,
245,45.0,1750.0,1.0,1.0,6.0,5.0,2.0,2.0,2.0,2.0,1.0,1.0,1.0,1.0,3.0,4.0,2.0,3.0,3.0,4.0,1.0,
238,64.0,2384.0,2.0,1.0,24.0,5.0,2.0,1.0,4.0,2.0,1.0,1.0,1.0,2.0,3.0,4.0,1.0,3.0,1.0,1.0,1.0,
745,24.0,4811.0,2.0,1.0,30.0,4.0,2.0,1.0,2.0,2.0,1.0,1.0,2.0,2.0,2.0,4.0,2.0,1.0,5.0,4.0,1.0,
534,32.0,1880.0,4.0,1.0,18.0,4.0,2.0,2.0,4.0,4.0,2.0,1.0,3.0,2.0,4.0,1.0,2.0,3.0,1.0,1.0,2.0,
581,24.0,1546.0,1.0,0.0,24.0,4.0,2.0,1.0,4.0,2.0,1.0,3.0,1.0,2.0,3.0,4.0,3.0,3.0,1.0,1.0,1.0,
694,46.0,3594.0,3.0,1.0,15.0,2.0,2.0,2.0,1.0,2.0,2.0,1.0,3.0,2.0,2.0,2.0,2.0,1.0,1.0,4.0,1.0,
945,57.0,709.0,2.0,0.0,12.0,5.0,2.0,2.0,4.0,2.0,1.0,1.0,3.0,2.0,3.0,4.0,1.0,3.0,1.0,1.0,1.0,
831,42.0,3804.0,0.0,0.0,36.0,3.0,2.0,2.0,4.0,3.0,1.0,1.0,3.0,2.0,2.0,1.0,3.0,3.0,1.0,2.0,2.0,
500,35.0,1680.0,2.0,1.0,12.0,5.0,2.0,2.0,3.0,3.0,1.0,1.0,3.0,2.0,4.0,1.0,1.0,3.0,3.0,1.0,1.0,
604,21.0,1289.0,2.0,1.0,12.0,3.0,2.0,2.0,4.0,2.0,1.0,3.0,3.0,2.0,3.0,1.0,2.0,2.0,1.0,1.0,1.0,
205,24.0,3763.0,2.0,1.0,21.0,4.0,1.0,2.0,2.0,2.0,1.0,2.0,3.0,2.0,3.0,2.0,1.0,0.0,5.0,1.0,1.0,
376,27.0,3416.0,2.0,1.0,27.0,3.0,2.0,2.0,3.0,4.0,1.0,1.0,3.0,2.0,3.0,2.0,3.0,3.0,1.0,1.0,1.0,
40,41.0,3868.0,4.0,1.0,24.0,5.0,2.0,1.0,4.0,4.0,2.0,1.0,3.0,2.0,2.0,2.0,3.0,1.0,1.0,4.0,2.0,
502,27.0,2463.0,4.0,1.0,24.0,4.0,2.0,2.0,4.0,3.0,2.0,1.0,3.0,2.0,4.0,3.0,2.0,0.0,2.0,4.0,2.0,
713,36.0,6304.0,4.0,1.0,36.0,5.0,2.0,2.0,4.0,3.0,2.0,1.0,3.0,2.0,3.0,4.0,1.0,9.0,5.0,4.0,1.0,
129,30.0,1820.0,2.0,1.0,18.0,3.0,2.0,2.0,2.0,4.0,1.0,1.0,3.0,2.0,4.0,2.0,2.0,0.0,1.0,4.0,2.0,
47,25.0,1258.0,2.0,1.0,24.0,4.0,2.0,2.0,4.0,3.0,1.0,1.0,3.0,2.0,3.0,1.0,1.0,9.0,1.0,4.0,2.0,
651,48.0,4351.0,2.0,1.0,24.0,3.0,2.0,2.0,1.0,2.0,1.0,1.0,3.0,2.0,2.0,4.0,2.0,2.0,5.0,2.0,2.0,
636,22.0,3149.0,2.0,1.0,24.0,2.0,2.0,3.0,4.0,3.0,1.0,1.0,1.0,2.0,3.0,1.0,4.0,2.0,1.0,1.0,1.0,
348,63.0,781.0,4.0,1.0,10.0,5.0,2.0,3.0,4.0,3.0,2.0,1.0,3.0,2.0,3.0,4.0,4.0,0.0,1.0,3.0,2.0,
550,37.0,1402.0,4.0,1.0,12.0,4.0,2.0,1.0,3.0,3.0,1.0,1.0,3.0,2.0,2.0,4.0,3.0,2.0,3.0,4.0,2.0,
951,24.0,4746.0,4.0,0.0,45.0,2.0,2.0,2.0,4.0,2.0,2.0,1.0,1.0,2.0,3.0,2.0,2.0,3.0,1.0,2.0,1.0,
519,44.0,5943.0,2.0,0.0,24.0,2.0,2.0,2.0,1.0,3.0,2.0,1.0,3.0,2.0,2.0,1.0,3.0,3.0,5.0,4.0,2.0,
488,37.0,3612.0,4.0,1.0,18.0,5.0,1.0,2.0,3.0,3.0,1.0,1.0,3.0,2.0,2.0,4.0,2.0,2.0,1.0,2.0,2.0,
720,24.0,5595.0,2.0,0.0,72.0,3.0,2.0,2.0,2.0,3.0,1.0,1.0,3.0,2.0,4.0,2.0,3.0,3.0,2.0,2.0,1.0,
570,37.0,10222.0,2.0,1.0,48.0,4.0,2.0,2.0,4.0,3.0,1.0,1.0,2.0,2.0,3.0,3.0,3.0,3.0,5.0,4.0,2.0,
361,61.0,1255.0,4.0,1.0,12.0,5.0,2.0,2.0,4.0,2.0,2.0,1.0,3.0,2.0,3.0,4.0,1.0,0.0,1.0,4.0,1.0,
853,31.0,1935.0,4.0,0.0,24.0,5.0,2.0,2.0,4.0,3.0,2.0,1.0,3.0,2.0,1.0,4.0,1.0,9.0,1.0,2.0,2.0,
485,35.0,1592.0,4.0,1.0,12.0,4.0,2.0,2.0,3.0,3.0,1.0,1.0,3.0,2.0,2.0,2.0,2.0,2.0,4.0,4.0,1.0,
442,26.0,5117.0,3.0,1.0,27.0,4.0,2.0,2.0,3.0,3.0,2.0,1.0,3.0,2.0,3.0,4.0,3.0,9.0,1.0,4.0,1.0,
326,37.0,1287.0,4.0,1.0,24.0,5.0,2.0,2.0,4.0,3.0,2.0,1.0,3.0,2.0,2.0,4.0,1.0,0.0,4.0,4.0,2.0,
321,40.0,1597.0,2.0,1.0,10.0,3.0,1.0,1.0,3.0,2.0,1.0,1.0,3.0,1.0,3.0,2.0,4.0,0.0,3.0,4.0,1.0,
501,28.0,1249.0,2.0,1.0,24.0,2.0,2.0,2.0,4.0,3.0,1.0,1.0,3.0,2.0,4.0,2.0,1.0,0.0,1.0,4.0,1.0,
21,37.0,3676.0,4.0,1.0,6.0,3.0,2.0,1.0,1.0,3.0,3.0,1.0,3.0,1.0,3.0,3.0,1.0,0.0,1.0,1.0,1.0,
764,42.0,6288.0,2.0,0.0,60.0,3.0,2.0,3.0,4.0,3.0,1.0,1.0,3.0,2.0,3.0,4.0,4.0,6.0,1.0,2.0,1.0,
13,31.0,1957.0,4.0,1.0,6.0,4.0,2.0,2.0,1.0,3.0,1.0,1.0,3.0,2.0,2.0,4.0,3.0,3.0,1.0,1.0,1.0,
739,38.0,1308.0,2.0,1.0,15.0,5.0,2.0,2.0,4.0,2.0,2.0,1.0,3.0,2.0,3.0,4.0,3.0,5.0,1.0,2.0,1.0,
605,41.0,2712.0,2.0,0.0,36.0,5.0,2.0,2.0,2.0,3.0,1.0,1.0,1.0,1.0,3.0,2.0,2.0,2.0,1.0,1.0,1.0,
785,29.0,2149.0,1.0,0.0,12.0,3.0,2.0,3.0,4.0,3.0,1.0,1.0,3.0,2.0,1.0,1.0,4.0,3.0,1.0,1.0,1.0,
237,50.0,2241.0,2.0,1.0,21.0,5.0,2.0,2.0,4.0,3.0,2.0,1.0,3.0,2.0,3.0,2.0,1.0,2.0,1.0,4.0,1.0,
975,23.0,448.0,2.0,0.0,6.0,2.0,2.0,2.0,4.0,3.0,1.0,1.0,3.0,2.0,2.0,4.0,2.0,6.0,1.0,1.0,1.0,
380,36.0,6742.0,4.0,1.0,30.0,4.0,2.0,2.0,2.0,3.0,2.0,1.0,3.0,2.0,3.0,3.0,2.0,3.0,5.0,4.0,1.0,
926,20.0,2039.0,2.0,0.0,18.0,3.0,2.0,1.0,1.0,3.0,1.0,1.0,3.0,2.0,2.0,4.0,1.0,2.0,1.0,1.0,1.0,
449,32.0,4686.0,2.0,1.0,36.0,3.0,2.0,3.0,2.0,4.0,1.0,1.0,3.0,2.0,3.0,2.0,4.0,1.0,1.0,4.0,2.0,
940,42.0,8086.0,3.0,0.0,36.0,5.0,2.0,2.0,2.0,4.0,4.0,1.0,2.0,2.0,3.0,4.0,3.0,0.0,2.0,2.0,2.0,
672,32.0,1301.0,2.0,1.0,18.0,5.0,2.0,2.0,4.0,2.0,1.0,3.0,3.0,2.0,4.0,2.0,1.0,3.0,1.0,2.0,1.0,
800,38.0,947.0,2.0,0.0,24.0,4.0,2.0,3.0,4.0,3.0,1.0,1.0,1.0,1.0,3.0,3.0,4.0,0.0,1.0,3.0,1.0,
547,26.0,1715.0,2.0,1.0,30.0,3.0,2.0,2.0,4.0,3.0,1.0,1.0,3.0,2.0,2.0,1.0,3.0,3.0,5.0,2.0,1.0,
253,38.0,804.0,2.0,1.0,12.0,5.0,2.0,2.0,4.0,3.0,1.0,1.0,3.0,2.0,3.0,4.0,3.0,3.0,1.0,4.0,1.0,
942,41.0,888.0,2.0,0.0,12.0,5.0,2.0,2.0,4.0,2.0,1.0,1.0,1.0,1.0,3.0,4.0,3.0,0.0,1.0,2.0,1.0,
555,20.0,1577.0,2.0,1.0,11.0,2.0,2.0,2.0,4.0,3.0,1.0,1.0,3.0,2.0,2.0,1.0,1.0,2.0,4.0,2.0,1.0,
288,32.0,2697.0,2.0,1.0,9.0,3.0,2.0,2.0,1.0,3.0,1.0,1.0,3.0,1.0,3.0,2.0,1.0,3.0,1.0,4.0,1.0,
309,28.0,2606.0,2.0,1.0,21.0,2.0,2.0,1.0,4.0,4.0,1.0,1.0,3.0,2.0,2.0,4.0,2.0,3.0,1.0,1.0,2.0,
38,26.0,1934.0,4.0,1.0,12.0,5.0,2.0,2.0,2.0,3.0,2.0,1.0,3.0,2.0,3.0,2.0,4.0,3.0,1.0,4.0,1.0,
962,22.0,1331.0,2.0,0.0,12.0,2.0,2.0,2.0,2.0,3.0,1.0,1.0,3.0,2.0,3.0,1.0,3.0,3.0,1.0,2.0,1.0,
183,25.0,8072.0,0.0,1.0,30.0,2.0,2.0,2.0,2.0,3.0,3.0,1.0,1.0,2.0,3.0,3.0,3.0,9.0,5.0,1.0,1.0,
944,37.0,12389.0,2.0,0.0,36.0,3.0,2.0,3.0,1.0,3.0,1.0,1.0,1.0,2.0,3.0,4.0,4.0,0.0,5.0,2.0,2.0,
718,54.0,4591.0,2.0,0.0,24.0,3.0,2.0,2.0,2.0,4.0,3.0,1.0,3.0,2.0,3.0,3.0,2.0,9.0,4.0,4.0,2.0,
645,54.0,1597.0,4.0,1.0,24.0,5.0,2.0,3.0,4.0,3.0,2.0,1.0,3.0,1.0,3.0,4.0,4.0,6.0,1.0,4.0,1.0,
673,26.0,1113.0,2.0,1.0,18.0,3.0,2.0,2.0,4.0,2.0,1.0,3.0,3.0,1.0,2.0,4.0,1.0,3.0,1.0,2.0,1.0,
824,25.0,1835.0,2.0,0.0,21.0,3.0,2.0,2.0,3.0,3.0,2.0,1.0,3.0,2.0,2.0,2.0,1.0,3.0,1.0,1.0,2.0,
44,34.0,2825.0,4.0,1.0,24.0,4.0,2.0,2.0,4.0,3.0,2.0,1.0,3.0,1.0,3.0,3.0,4.0,9.0,5.0,2.0,2.0,
209,36.0,12169.0,1.0,1.0,48.0,1.0,2.0,3.0,4.0,4.0,1.0,2.0,3.0,2.0,3.0,4.0,4.0,0.0,5.0,2.0,2.0,
630,55.0,2578.0,2.0,1.0,12.0,1.0,2.0,3.0,3.0,4.0,1.0,1.0,3.0,2.0,2.0,4.0,4.0,2.0,1.0,1.0,1.0,
771,30.0,1823.0,2.0,0.0,24.0,1.0,2.0,2.0,4.0,4.0,1.0,1.0,2.0,1.0,3.0,2.0,3.0,3.0,1.0,1.0,1.0,
535,27.0,2389.0,2.0,1.0,18.0,2.0,2.0,2.0,4.0,3.0,1.0,1.0,2.0,2.0,2.0,1.0,3.0,3.0,1.0,1.0,1.0,
295,30.0,960.0,3.0,1.0,15.0,4.0,2.0,2.0,3.0,3.0,2.0,1.0,3.0,2.0,2.0,2.0,2.0,2.0,4.0,4.0,1.0,
898,21.0,2570.0,2.0,0.0,27.0,3.0,2.0,1.0,3.0,3.0,1.0,1.0,3.0,2.0,2.0,3.0,1.0,0.0,1.0,4.0,1.0,
142,64.0,3832.0,2.0,1.0,9.0,5.0,2.0,2.0,1.0,2.0,1.0,1.0,3.0,2.0,3.0,4.0,1.0,6.0,5.0,4.0,1.0,
526,31.0,9566.0,4.0,1.0,36.0,3.0,2.0,2.0,2.0,3.0,2.0,1.0,2.0,2.0,2.0,2.0,3.0,3.0,1.0,4.0,1.0,
200,27.0,3609.0,1.0,1.0,48.0,3.0,2.0,2.0,1.0,3.0,1.0,1.0,2.0,2.0,2.0,1.0,1.0,9.0,1.0,4.0,1.0,
441,23.0,2288.0,4.0,1.0,21.0,2.0,2.0,2.0,4.0,3.0,1.0,1.0,3.0,2.0,2.0,4.0,2.0,2.0,1.0,4.0,2.0,
941,44.0,10127.0,4.0,0.0,48.0,3.0,2.0,3.0,2.0,3.0,1.0,1.0,3.0,2.0,3.0,2.0,4.0,0.0,3.0,4.0,1.0,
298,34.0,1743.0,3.0,1.0,6.0,3.0,2.0,2.0,1.0,2.0,2.0,1.0,3.0,2.0,3.0,2.0,1.0,9.0,2.0,4.0,1.0,
137,54.0,1318.0,2.0,1.0,12.0,5.0,2.0,2.0,4.0,3.0,1.0,1.0,3.0,2.0,3.0,4.0,1.0,0.0,4.0,2.0,2.0,
178,44.0,1804.0,4.0,1.0,12.0,2.0,2.0,2.0,3.0,3.0,1.0,1.0,3.0,2.0,3.0,4.0,2.0,1.0,2.0,2.0,1.0,
769,29.0,1437.0,1.0,0.0,9.0,4.0,2.0,2.0,2.0,3.0,1.0,1.0,3.0,2.0,3.0,3.0,4.0,0.0,2.0,2.0,1.0,
864,31.0,2775.0,4.0,0.0,18.0,4.0,2.0,2.0,2.0,3.0,2.0,1.0,1.0,2.0,3.0,2.0,2.0,0.0,1.0,4.0,1.0,
87,35.0,2346.0,4.0,1.0,24.0,4.0,2.0,2.0,4.0,3.0,2.0,1.0,3.0,2.0,3.0,3.0,3.0,1.0,1.0,4.0,2.0,
836,23.0,11560.0,2.0,0.0,24.0,3.0,2.0,1.0,1.0,4.0,2.0,1.0,3.0,2.0,2.0,4.0,3.0,1.0,1.0,2.0,1.0,
894,33.0,1131.0,2.0,0.0,18.0,1.0,2.0,2.0,4.0,3.0,1.0,1.0,3.0,2.0,2.0,2.0,3.0,2.0,1.0,1.0,1.0,
766,22.0,1478.0,2.0,0.0,9.0,4.0,2.0,2.0,4.0,3.0,1.0,1.0,3.0,2.0,3.0,2.0,3.0,3.0,1.0,4.0,1.0,
166,48.0,2134.0,4.0,1.0,9.0,3.0,2.0,2.0,4.0,3.0,3.0,1.0,3.0,2.0,3.0,4.0,3.0,0.0,1.0,4.0,2.0,
257,27.0,3643.0,3.0,1.0,15.0,5.0,2.0,2.0,1.0,2.0,2.0,1.0,3.0,2.0,2.0,4.0,2.0,2.0,1.0,1.0,1.0,
57,63.0,1655.0,4.0,1.0,12.0,5.0,2.0,2.0,2.0,2.0,2.0,1.0,3.0,2.0,3.0,4.0,1.0,3.0,1.0,4.0,2.0,
515,20.0,3186.0,2.0,1.0,15.0,4.0,2.0,1.0,2.0,3.0,1.0,1.0,3.0,2.0,2.0,3.0,3.0,0.0,4.0,4.0,1.0,
677,25.0,1138.0,4.0,1.0,9.0,3.0,2.0,2.0,4.0,2.0,2.0,1.0,3.0,2.0,3.0,4.0,1.0,3.0,1.0,1.0,1.0,
25,44.0,4716.0,4.0,1.0,6.0,2.0,2.0,2.0,1.0,2.0,2.0,1.0,3.0,1.0,3.0,3.0,1.0,0.0,5.0,1.0,1.0,
407,30.0,4657.0,2.0,1.0,15.0,3.0,2.0,2.0,3.0,3.0,1.0,1.0,3.0,2.0,3.0,2.0,3.0,1.0,1.0,4.0,2.0,
791,26.0,1778.0,0.0,0.0,15.0,2.0,2.0,1.0,2.0,1.0,2.0,1.0,3.0,2.0,2.0,1.0,1.0,0.0,1.0,2.0,1.0,
335,54.0,717.0,3.0,1.0,24.0,5.0,2.0,2.0,4.0,3.0,2.0,1.0,3.0,2.0,4.0,4.0,3.0,0.0,5.0,4.0,2.0,
185,27.0,1449.0,2.0,1.0,9.0,4.0,2.0,2.0,3.0,3.0,2.0,1.0,3.0,2.0,2.0,2.0,3.0,9.0,1.0,4.0,1.0,
562,27.0,3850.0,4.0,1.0,18.0,4.0,2.0,2.0,3.0,3.0,2.0,1.0,3.0,2.0,3.0,1.0,3.0,1.0,1.0,4.0,1.0,
363,27.0,1221.0,4.0,1.0,6.0,3.0,2.0,2.0,1.0,3.0,2.0,1.0,3.0,2.0,4.0,2.0,2.0,2.0,5.0,4.0,1.0,
565,26.0,4272.0,3.0,1.0,30.0,3.0,2.0,2.0,2.0,2.0,2.0,1.0,3.0,2.0,3.0,2.0,2.0,9.0,2.0,4.0,1.0,
23,33.0,2384.0,2.0,0.0,36.0,2.0,2.0,1.0,4.0,2.0,1.0,1.0,3.0,2.0,3.0,1.0,4.0,5.0,1.0,2.0,1.0,
105,33.0,1851.0,4.0,1.0,24.0,4.0,2.0,2.0,4.0,3.0,2.0,3.0,3.0,2.0,4.0,2.0,3.0,3.0,1.0,4.0,2.0,
608,37.0,609.0,4.0,1.0,6.0,4.0,2.0,2.0,4.0,3.0,2.0,1.0,3.0,2.0,2.0,3.0,2.0,0.0,1.0,1.0,1.0,
512,56.0,1538.0,2.0,1.0,6.0,2.0,2.0,2.0,1.0,3.0,1.0,1.0,3.0,2.0,2.0,2.0,4.0,6.0,1.0,4.0,1.0,
236,55.0,1603.0,2.0,1.0,24.0,5.0,2.0,2.0,4.0,3.0,1.0,1.0,3.0,2.0,2.0,4.0,3.0,3.0,1.0,1.0,1.0,
128,32.0,2978.0,2.0,1.0,6.0,3.0,2.0,2.0,1.0,3.0,1.0,1.0,3.0,2.0,3.0,2.0,3.0,2.0,3.0,4.0,2.0,
408,27.0,1391.0,2.0,1.0,9.0,3.0,2.0,2.0,2.0,3.0,1.0,1.0,1.0,2.0,4.0,1.0,1.0,9.0,1.0,2.0,2.0,
610,30.0,3069.0,2.0,1.0,24.0,5.0,2.0,3.0,4.0,3.0,1.0,1.0,3.0,2.0,3.0,4.0,4.0,2.0,2.0,2.0,1.0,
32,37.0,3535.0,4.0,1.0,36.0,4.0,2.0,2.0,4.0,3.0,2.0,1.0,3.0,2.0,3.0,4.0,3.0,0.0,1.0,4.0,2.0,
168,74.0,4526.0,4.0,1.0,24.0,3.0,2.0,2.0,3.0,4.0,1.0,1.0,3.0,2.0,3.0,2.0,1.0,9.0,1.0,4.0,2.0,
112,49.0,428.0,2.0,1.0,6.0,5.0,2.0,2.0,2.0,3.0,1.0,1.0,1.0,2.0,2.0,1.0,2.0,2.0,1.0,1.0,2.0,
24,26.0,1424.0,4.0,1.0,12.0,4.0,2.0,2.0,4.0,3.0,1.0,1.0,3.0,2.0,3.0,3.0,2.0,4.0,1.0,2.0,1.0,
433,27.0,2326.0,4.0,1.0,15.0,3.0,2.0,2.0,2.0,3.0,1.0,1.0,1.0,2.0,3.0,4.0,3.0,9.0,3.0,2.0,1.0,
631,25.0,1433.0,4.0,1.0,15.0,3.0,2.0,1.0,4.0,3.0,2.0,1.0,3.0,2.0,2.0,3.0,2.0,2.0,1.0,1.0,1.0,
1,21.0,1049.0,4.0,1.0,18.0,2.0,2.0,1.0,4.0,3.0,1.0,1.0,3.0,2.0,2.0,4.0,2.0,2.0,1.0,1.0,1.0,
140,31.0,3148.0,4.0,1.0,24.0,3.0,2.0,2.0,3.0,3.0,2.0,1.0,3.0,2.0,3.0,2.0,3.0,3.0,5.0,3.0,2.0,
484,49.0,5801.0,4.0,1.0,12.0,5.0,1.0,1.0,2.0,3.0,1.0,1.0,3.0,2.0,3.0,4.0,2.0,2.0,5.0,4.0,2.0,
81,37.0,2022.0,4.0,1.0,24.0,3.0,2.0,2.0,4.0,3.0,1.0,1.0,3.0,2.0,2.0,4.0,3.0,0.0,1.0,4.0,2.0,
109,38.0,1533.0,2.0,1.0,24.0,2.0,2.0,2.0,4.0,3.0,1.0,1.0,2.0,2.0,2.0,3.0,3.0,3.0,1.0,4.0,2.0,
859,34.0,3965.0,2.0,0.0,42.0,2.0,2.0,2.0,4.0,3.0,1.0,1.0,3.0,2.0,3.0,3.0,3.0,3.0,1.0,1.0,1.0,
384,22.0,276.0,2.0,1.0,9.0,3.0,2.0,1.0,4.0,2.0,1.0,1.0,3.0,2.0,4.0,4.0,1.0,0.0,1.0,2.0,1.0,
850,47.0,12612.0,2.0,0.0,36.0,3.0,2.0,3.0,1.0,3.0,1.0,1.0,3.0,1.0,3.0,4.0,4.0,6.0,2.0,2.0,2.0,
378,30.0,5965.0,3.0,1.0,27.0,5.0,2.0,2.0,1.0,4.0,2.0,1.0,3.0,2.0,3.0,2.0,3.0,1.0,1.0,2.0,2.0,
120,32.0,3062.0,2.0,1.0,24.0,5.0,2.0,1.0,4.0,3.0,1.0,1.0,3.0,2.0,3.0,3.0,4.0,2.0,3.0,4.0,2.0,
475,31.0,4473.0,2.0,1.0,36.0,5.0,2.0,2.0,4.0,3.0,1.0,1.0,3.0,2.0,3.0,2.0,3.0,3.0,1.0,3.0,1.0,
928,21.0,902.0,2.0,0.0,12.0,4.0,2.0,1.0,4.0,3.0,1.0,1.0,3.0,2.0,4.0,4.0,2.0,8.0,1.0,1.0,1.0,
93,28.0,4221.0,0.0,1.0,30.0,3.0,2.0,2.0,2.0,3.0,2.0,1.0,3.0,2.0,2.0,1.0,3.0,9.0,1.0,2.0,1.0,
963,58.0,15945.0,0.0,0.0,54.0,2.0,2.0,1.0,3.0,3.0,1.0,1.0,3.0,2.0,3.0,4.0,4.0,9.0,1.0,2.0,2.0,
646,43.0,15857.0,2.0,1.0,36.0,1.0,2.0,2.0,2.0,4.0,1.0,2.0,3.0,2.0,1.0,3.0,3.0,10.0,1.0,1.0,1.0,
473,37.0,7409.0,2.0,1.0,36.0,5.0,2.0,2.0,3.0,3.0,2.0,1.0,3.0,2.0,3.0,2.0,2.0,9.0,5.0,4.0,1.0,
319,31.0,1360.0,4.0,1.0,15.0,3.0,2.0,2.0,4.0,3.0,2.0,1.0,3.0,2.0,3.0,2.0,2.0,3.0,1.0,4.0,1.0,
359,23.0,1961.0,2.0,1.0,18.0,5.0,2.0,2.0,3.0,4.0,1.0,1.0,3.0,2.0,2.0,2.0,3.0,0.0,1.0,3.0,1.0,
574,34.0,3496.0,1.0,1.0,30.0,3.0,2.0,2.0,4.0,3.0,1.0,1.0,2.0,1.0,3.0,2.0,3.0,2.0,4.0,2.0,2.0,
332,26.0,2404.0,4.0,1.0,18.0,3.0,2.0,2.0,2.0,3.0,2.0,1.0,3.0,2.0,2.0,2.0,3.0,3.0,1.0,4.0,1.0,
207,20.0,1107.0,2.0,1.0,12.0,3.0,2.0,1.0,2.0,4.0,1.0,1.0,3.0,1.0,3.0,2.0,1.0,3.0,1.0,1.0,2.0,
341,40.0,3077.0,4.0,1.0,30.0,5.0,2.0,2.0,3.0,3.0,2.0,1.0,3.0,1.0,3.0,2.0,3.0,3.0,5.0,4.0,2.0,
77,36.0,3275.0,4.0,1.0,21.0,5.0,2.0,2.0,1.0,4.0,1.0,1.0,3.0,2.0,3.0,4.0,3.0,1.0,1.0,4.0,2.0,
437,31.0,1532.0,4.0,1.0,15.0,3.0,2.0,2.0,4.0,3.0,1.0,1.0,3.0,2.0,2.0,3.0,3.0,6.0,2.0,4.0,1.0,
10,23.0,3758.0,2.0,1.0,24.0,1.0,2.0,1.0,1.0,1.0,1.0,1.0,3.0,2.0,2.0,4.0,4.0,3.0,3.0,2.0,1.0,
900,27.0,1309.0,2.0,0.0,10.0,3.0,2.0,2.0,4.0,2.0,1.0,3.0,3.0,2.0,3.0,4.0,2.0,0.0,5.0,4.0,1.0,
254,28.0,3595.0,2.0,1.0,36.0,5.0,2.0,2.0,4.0,3.0,1.0,1.0,3.0,2.0,3.0,2.0,3.0,3.0,1.0,4.0,1.0,
786,35.0,2397.0,2.0,0.0,24.0,5.0,2.0,2.0,3.0,3.0,2.0,1.0,1.0,2.0,3.0,2.0,3.0,3.0,3.0,4.0,2.0,
656,42.0,2427.0,3.0,1.0,18.0,5.0,2.0,2.0,4.0,3.0,2.0,1.0,3.0,2.0,3.0,2.0,2.0,9.0,5.0,2.0,1.0,
920,46.0,6331.0,4.0,0.0,48.0,5.0,2.0,3.0,4.0,3.0,2.0,1.0,3.0,2.0,3.0,4.0,4.0,1.0,1.0,1.0,2.0,
